cohort_month,cohort_index,cohort_size,active_customers,retention_pct
2016-09,0,1,1,100.0
2016-10,0,262,262,100.0
2016-10,6,262,1,0.38
2016-10,9,262,1,0.38
2016-10,11,262,1,0.38
2016-10,13,262,1,0.38
2016-10,15,262,1,0.38
2016-10,17,262,1,0.38
2016-10,19,262,2,0.76
2016-10,20,262,2,0.76
2016-12,0,1,1,100.0
2016-12,1,1,1,100.0
2017-01,0,717,717,100.0
2017-01,1,717,2,0.28
2017-01,2,717,2,0.28
2017-01,3,717,1,0.14
2017-01,4,717,3,0.42
2017-01,5,717,1,0.14
2017-01,6,717,3,0.42
2017-01,7,717,1,0.14
2017-01,8,717,1,0.14
2017-01,10,717,3,0.42
2017-01,11,717,1,0.14
2017-01,12,717,5,0.7
2017-01,13,717,3,0.42
2017-01,14,717,1,0.14
2017-01,15,717,1,0.14
2017-01,16,717,2,0.28
2017-01,17,717,3,0.42
2017-01,19,717,1,0.14
2017-02,0,1632,1632,100.0
2017-02,1,1632,3,0.18
2017-02,2,1632,5,0.31
2017-02,3,1632,2,0.12
2017-02,4,1632,7,0.43
2017-02,5,1632,2,0.12
2017-02,6,1632,4,0.25
2017-02,7,1632,3,0.18
2017-02,8,1632,2,0.12
2017-02,9,1632,3,0.18
2017-02,10,1632,2,0.12
2017-02,11,1632,5,0.31
2017-02,12,1632,2,0.12
2017-02,13,1632,3,0.18
2017-02,14,1632,2,0.12
2017-02,15,1632,1,0.06
2017-02,16,1632,1,0.06
2017-02,17,1632,3,0.18
2017-03,0,2502,2502,100.0
2017-03,1,2502,11,0.44
2017-03,2,2502,9,0.36
2017-03,3,2502,10,0.4
2017-03,4,2502,9,0.36
2017-03,5,2502,4,0.16
2017-03,6,2502,4,0.16
2017-03,7,2502,8,0.32
2017-03,8,2502,8,0.32
2017-03,9,2502,2,0.08
2017-03,10,2502,9,0.36
2017-03,11,2502,3,0.12
2017-03,12,2502,5,0.2
2017-03,13,2502,3,0.12
2017-03,14,2502,4,0.16
2017-03,15,2502,6,0.24
2017-03,16,2502,2,0.08
2017-03,17,2502,3,0.12
2017-04,0,2254,2254,100.0
2017-04,1,2254,14,0.62
2017-04,2,2254,5,0.22
2017-04,3,2254,4,0.18
2017-04,4,2254,6,0.27
2017-04,5,2254,6,0.27
2017-04,6,2254,8,0.35
2017-04,7,2254,7,0.31
2017-04,8,2254,7,0.31
2017-04,9,2254,4,0.18
2017-04,10,2254,6,0.27
2017-04,11,2254,2,0.09
2017-04,12,2254,1,0.04
2017-04,13,2254,1,0.04
2017-04,14,2254,2,0.09
2017-04,15,2254,2,0.09
2017-04,16,2254,3,0.13
2017-05,0,3458,3458,100.0
2017-05,1,3458,16,0.46
2017-05,2,3458,16,0.46
2017-05,3,3458,10,0.29
2017-05,4,3458,10,0.29
2017-05,5,3458,11,0.32
2017-05,6,3458,14,0.4
2017-05,7,3458,5,0.14
2017-05,8,3458,9,0.26
2017-05,9,3458,9,0.26
2017-05,10,3458,9,0.26
2017-05,11,3458,12,0.35
2017-05,12,3458,8,0.23
2017-05,13,3458,1,0.03
2017-05,14,3458,6,0.17
2017-05,15,3458,7,0.2
2017-06,0,3035,3035,100.0
2017-06,1,3035,15,0.49
2017-06,2,3035,12,0.4
2017-06,3,3035,13,0.43
2017-06,4,3035,10,0.33
2017-06,5,3035,13,0.43
2017-06,6,3035,11,0.36
2017-06,7,3035,7,0.23
2017-06,8,3035,4,0.13
2017-06,9,3035,6,0.2
2017-06,10,3035,9,0.3
2017-06,11,3035,11,0.36
2017-06,12,3035,5,0.16
2017-06,13,3035,5,0.16
2017-06,14,3035,8,0.26
2017-07,0,3752,3752,100.0
2017-07,1,3752,20,0.53
2017-07,2,3752,13,0.35
2017-07,3,3752,8,0.21
2017-07,4,3752,10,0.27
2017-07,5,3752,8,0.21
2017-07,6,3752,12,0.32
2017-07,7,3752,4,0.11
2017-07,8,3752,7,0.19
2017-07,9,3752,10,0.27
2017-07,10,3752,8,0.21
2017-07,11,3752,11,0.29
2017-07,12,3752,5,0.13
2017-07,13,3752,8,0.21
2017-08,0,4062,4062,100.0
2017-08,1,4062,28,0.69
2017-08,2,4062,14,0.34
2017-08,3,4062,11,0.27
2017-08,4,4062,14,0.34
2017-08,5,4062,21,0.52
2017-08,6,4062,12,0.3
2017-08,7,4062,11,0.27
2017-08,8,4062,6,0.15
2017-08,9,4062,6,0.15
2017-08,10,4062,10,0.25
2017-08,11,4062,8,0.2
2017-08,12,4062,5,0.12
2017-09,0,4001,4001,100.0
2017-09,1,4001,28,0.7
2017-09,2,4001,22,0.55
2017-09,3,4001,11,0.27
2017-09,4,4001,18,0.45
2017-09,5,4001,9,0.22
2017-09,6,4001,9,0.22
2017-09,7,4001,10,0.25
2017-09,8,4001,11,0.27
2017-09,9,4001,7,0.17
2017-09,10,4001,10,0.25
2017-09,11,4001,3,0.07
2017-10,0,4325,4325,100.0
2017-10,1,4325,30,0.69
2017-10,2,4325,11,0.25
2017-10,3,4325,4,0.09
2017-10,4,4325,10,0.23
2017-10,5,4325,9,0.21
2017-10,6,4325,9,0.21
2017-10,7,4325,16,0.37
2017-10,8,4325,12,0.28
2017-10,9,4325,8,0.18
2017-10,10,4325,9,0.21
2017-11,0,7070,7070,100.0
2017-11,1,7070,40,0.57
2017-11,2,7070,26,0.37
2017-11,3,7070,12,0.17
2017-11,4,7070,12,0.17
2017-11,5,7070,13,0.18
2017-11,6,7070,8,0.11
2017-11,7,7070,13,0.18
2017-11,8,7070,9,0.13
2017-11,9,7070,4,0.06
2017-12,0,5324,5324,100.0
2017-12,1,5324,11,0.21
2017-12,2,5324,15,0.28
2017-12,3,5324,18,0.34
2017-12,4,5324,14,0.26
2017-12,5,5324,11,0.21
2017-12,6,5324,9,0.17
2017-12,7,5324,1,0.02
2017-12,8,5324,10,0.19
2018-01,0,6845,6845,100.0
2018-01,1,6845,23,0.34
2018-01,2,6845,25,0.37
2018-01,3,6845,20,0.29
2018-01,4,6845,20,0.29
2018-01,5,6845,11,0.16
2018-01,6,6845,12,0.18
2018-01,7,6845,16,0.23
2018-02,0,6295,6295,100.0
2018-02,1,6295,22,0.35
2018-02,2,6295,26,0.41
2018-02,3,6295,19,0.3
2018-02,4,6295,16,0.25
2018-02,5,6295,14,0.22
2018-02,6,6295,13,0.21
2018-03,0,6773,6773,100.0
2018-03,1,6773,27,0.4
2018-03,2,6773,20,0.3
2018-03,3,6773,20,0.3
2018-03,4,6773,8,0.12
2018-03,5,6773,8,0.12
2018-04,0,6579,6579,100.0
2018-04,1,6579,40,0.61
2018-04,2,6579,20,0.3
2018-04,3,6579,16,0.24
2018-04,4,6579,9,0.14
2018-05,0,6504,6504,100.0
2018-05,1,6504,34,0.52
2018-05,2,6504,17,0.26
2018-05,3,6504,12,0.18
2018-06,0,5878,5878,100.0
2018-06,1,5878,25,0.43
2018-06,2,5878,16,0.27
2018-07,0,5955,5955,100.0
2018-07,1,5955,30,0.5
2018-08,0,6133,6133,100.0
