seller_id,total_orders,total_revenue,avg_delivery_days,late_rate_pct,cancel_rate_pct,composite_risk_score,risk_category
81783131d2a97c8d44d406a4be81b5d9,13,1782.54,7.0,7.69,38.46,84.61,High
b1b3948701c5c72445495bd161b83a4c,18,24699.19,23.4,50.00,11.11,72.22,High
973f21788dfab357250f69a8dcb7ddee,10,909.0,23.6,50.00,10.00,70.00,High
20b54c376b794ed028df09a3cd88e8dc,11,1342.95,21.1,18.18,18.18,54.54,Medium
7bcd7c5f8631701474db233ccf1c094b,11,666.0,14.4,9.09,18.18,45.45,Medium
4c8b8048e33af2bf94f2eb547746a916,23,2020.73,18.5,8.70,17.39,43.48,Medium
26e2c91ef821e1ff8985f408788fe35b,12,1649.4,26.1,41.67,0.00,41.67,Medium
5b581417df4480f632484ba681e53944,12,1790.6,18.4,25.00,8.33,41.66,Medium
c7fdb77fdbff3c41981bc52f787e959e,10,696.32,16.8,20.00,10.00,40.00,Medium
ffff564a4f9085cd26170f4732393726,20,1426.3,12.8,0.00,20.00,40.00,Medium
821fb029fc6e495ca4f08a35d51e53a5,28,19187.42,16.7,32.14,3.57,39.28,Low
2e3be8a987a30d7544dbbda6861cc14e,18,4430.84,14.5,5.56,16.67,38.90,Low
f76a3b1349b6df1ee875d1f3fa4340f0,24,4160.79,16.9,37.50,0.00,37.50,Low
ede0c03645598cdfc63ca8237acbe73d,46,2518.37,18.4,32.61,2.17,36.95,Low
ea6b12bf9ffe2bac34602ec631d97a47,11,2625.8,16.7,0.00,18.18,36.36,Low
d9e7e7778b32987280a6f2cb9a39c57d,11,722.5,18.5,36.36,0.00,36.36,Low
b0b346d3a89f5eb4c2968af3f083cd43,11,614.0,23.1,36.36,0.00,36.36,Low
02d35243ea2e497335cd0f076b45675d,14,5794.0,26.1,35.71,0.00,35.71,Low
0725b8c0f3f906e58f70cbe76b7c748c,17,2190.3,13.0,35.29,0.00,35.29,Low
835f0f7810c76831d6c7d24c7a646d4d,44,5130.0,18.0,29.55,2.27,34.09,Low
ec4608a1f76453166bb312b2968aeaf4,18,1181.75,15.2,22.22,5.56,33.34,Low
b19f3ca2ea475913750f25a5c37c8d8f,24,6202.91,18.4,25.00,4.17,33.34,Low
2a61c271b1ac763450d846849783e922,18,1516.76,19.1,22.22,5.56,33.34,Low
e64d65bc8dbec2accda90c58de5d1246,12,1678.8,13.4,33.33,0.00,33.33,Low
cb41bfbcbda0aea354a834ab222f9a59,12,4002.0,37.5,33.33,0.00,33.33,Low
66e0557ecc2b4dbea057e93f215f68d8,31,12480.0,31.6,25.81,3.23,32.27,Low
ad781527c93d00d89a11eecd9dcad7c1,44,6899.57,25.4,27.27,2.27,31.81,Low
5f67c6082caacb26e431a7b17940cece,13,1662.6,22.7,30.77,0.00,30.77,Low
0417b067eeab773d2f7061a726dc477f,13,1859.18,17.5,30.77,0.00,30.77,Low
e627629ba868740e287800f1a9be81c2,13,504.5,7.0,0.00,15.38,30.76,Low
7f152321c60a266edc53af1925ef96c1,20,3919.8,23.4,30.00,0.00,30.00,Low
c990d6cf976a5718aaedc539f383ab88,10,200.9,20.0,30.00,0.00,30.00,Low
d32e3909cfb714fb2a6cb092c85b9c5f,10,2827.9,22.3,30.00,0.00,30.00,Low
4e8dacf3d38f281ae26c3e0321d92d88,10,2644.95,12.3,10.00,10.00,30.00,Low
04fdea0c111866e6cf812f1570d6b5bd,10,1055.0,17.9,10.00,10.00,30.00,Low
c4d51195486dc781531876a7d00453d8,17,11468.98,23.6,29.41,0.00,29.41,Low
2a1348e9addc1af5aaa619b1a3679d6b,52,2843.0,27.3,25.00,1.92,28.84,Low
7fc87cc3e89b3d1d5cabdca32f8485aa,14,2153.9,19.5,28.57,0.00,28.57,Low
13074f016982ff2bd6c58ced8682f000,14,2116.0,14.9,28.57,0.00,28.57,Low
02dcd3e8e25bee036e32512bcf175493,14,1491.9,17.1,28.57,0.00,28.57,Low
054694fa03fe82cec4b7551487331d74,21,9983.1,30.9,28.57,0.00,28.57,Low
54965bbe3e4f07ae045b90b0b8541f52,78,10961.3,26.1,28.21,0.00,28.21,Low
822bad9bc42b51213ba522fe87b7ab5d,18,5160.0,26.6,27.78,0.00,27.78,Low
8bdd8e3fd58bafa48af76b2c5fd71974,11,2324.82,10.3,9.09,9.09,27.27,Low
4e5725ba188db8252977a4f0227bd462,22,1930.59,20.9,27.27,0.00,27.27,Low
eb4df17aed01d918c65f0f8d650900c0,11,3739.87,12.6,27.27,0.00,27.27,Low
2f09f7d37a97956d11cc1a7cadd5262b,11,2005.0,12.9,9.09,9.09,27.27,Low
e504a4e2efaa45cbff7e268a2c58c956,11,1188.8,12.9,27.27,0.00,27.27,Low
91f0eec23d4a61d7d7caeefa3f0ad1ca,11,2190.8,25.9,27.27,0.00,27.27,Low
ecccfa2bb93b34a3bf033cc5d1dcdc69,15,1338.64,32.1,13.33,6.67,26.67,Low
3a1a1fec38dd360f15fc912e821e169d,15,2007.38,14.3,26.67,0.00,26.67,Low
a44fb5a447105f8469bdf16bf9159f25,19,3706.1,14.2,26.32,0.00,26.32,Low
2e1a7d075abe038c1b2743005fe42ff1,19,1396.7,12.5,15.79,5.26,26.31,Low
ef990a83bbea832f36ebe81376335aa8,43,4642.59,17.0,25.58,0.00,25.58,Low
a49928bcdf77c55c6d6e05e09a9b4ca5,98,8816.7,16.8,25.51,0.00,25.51,Low
ff69aa92bb6b1bf9b8b7a51c2ed9cf8b,20,21940.8,11.5,25.00,0.00,25.00,Low
a2deecd5398f5df4987110c80a1972a3,16,827.43,8.2,0.00,12.50,25.00,Low
c37b2059d4f90d4feead554e5246565e,12,839.3,17.2,25.00,0.00,25.00,Low
b5e3e38609125694d2ea2417522a60b7,16,995.04,18.2,25.00,0.00,25.00,Low
beadbee30901a7f61d031b6b686095ad,64,4373.98,14.0,25.00,0.00,25.00,Low
5b0cc932433fa5184b5b94bfe6bcc256,12,1437.8,12.0,25.00,0.00,25.00,Low
bc47d5d1490df2b36add65d733eafaba,24,1004.8,12.9,8.33,8.33,24.99,Low
5011f0d93373a4c5753adf58ca77af8d,12,1009.42,10.5,8.33,8.33,24.99,Low
3fd1e727ba94cfe122d165e176ce7967,37,2805.2,15.6,18.92,2.70,24.32,Low
1dfe5347016252a7884b694d4f10f5c4,21,1693.5,18.9,23.81,0.00,23.81,Low
b17b679f4f5ce2e03ce6968c62648246,55,4084.75,19.3,16.36,3.64,23.64,Low
53d00c40e32aeb924a84ce72b1af869d,17,2165.85,16.0,23.53,0.00,23.53,Low
5bc55dbe2f12b6af6d83ed46023e0dc8,17,2992.1,13.8,23.53,0.00,23.53,Low
36890be00bbfc1cdb9a4a38a6af05a69,13,1361.3,9.4,23.08,0.00,23.08,Low
5abb8ea023c77787f2c15da891c8d384,13,2241.0,19.6,23.08,0.00,23.08,Low
87b740daf17b5d1be335a64164ec6842,13,14699.87,18.2,7.69,7.69,23.07,Low
06a2c3af7b3aee5d69171b0e14f0ee87,392,36408.95,17.6,22.96,0.00,22.96,Low
71039d19d4303bf9054d69e9a9236699,35,3537.2,13.8,22.86,0.00,22.86,Low
cac4c8e7b1ca6252d8f20b2fc1a2e4af,75,4168.18,18.2,22.67,0.00,22.67,Low
23d7c96d4a1160db1c726b248601b25a,53,11766.94,13.0,11.32,5.66,22.64,Low
6973a06f484aacf400ece213dbf3d946,95,11011.05,14.8,15.79,3.16,22.11,Low
ea566164622c6b439516ab18062c42cd,50,10309.42,13.9,22.00,0.00,22.00,Low
850913d59ce317156b00f3705f1c3edb,32,2690.0,13.4,15.63,3.13,21.89,Low
6039e27294dc75811c0d8a39069f52c0,64,13670.7,17.9,21.88,0.00,21.88,Low
39d54ff918774174706fb065d7f9dc07,23,1593.59,13.7,13.04,4.35,21.74,Low
712e6ed8aa4aa1fa65dab41fed5737e4,79,39815.0,24.6,21.52,0.00,21.52,Low
bce6a5ecf98e99fd2a8868b15c51f04b,14,3464.9,11.7,21.43,0.00,21.43,Low
2953ce3a88f5e3c3b696d77fc9e4c8eb,14,470.0,8.0,21.43,0.00,21.43,Low
28f10b1c5e5abb9d4857745bede6147c,28,835.0,7.6,21.43,0.00,21.43,Low
ca4b77513ac2040591b0d8fae6958380,14,1772.45,7.7,21.43,0.00,21.43,Low
128f9bfbe4c7d5185033914b1de3d39a,14,1277.29,11.8,7.14,7.14,21.42,Low
d13e50eaa47b4cbe9eb81465865d8cfc,67,7155.05,5.0,20.90,0.00,20.90,Low
1ca7077d890b907f89be8c954a02686a,115,13341.57,15.5,20.87,0.00,20.87,Low
4aba391bc3b88717ce08eb11e44937b2,29,7595.87,16.8,13.79,3.45,20.69,Low
0bf0150d5b9d60d9cd2906003332f085,39,5774.6,14.1,20.51,0.00,20.51,Low
88460e8ebdecbfecb5f9601833981930,248,31546.55,17.8,19.35,0.40,20.15,Low
a13580f0e8f782b7a543885a0ef99f08,10,1304.9,25.0,20.00,0.00,20.00,Low
921323538c9f1c4e816f2720eac02bea,15,1401.84,8.3,20.00,0.00,20.00,Low
2fdde51ad3e12f297da656d4fbd5d0b5,10,6252.0,15.3,0.00,10.00,20.00,Low
3fac58ce0ad699020c7944d53c41329c,10,1244.95,4.9,20.00,0.00,20.00,Low
2aa3443d7bf9d9bb11133f420d75e083,10,647.0,10.5,20.00,0.00,20.00,Low
a066df7361163e7ddc5d7452dd17448b,15,1078.3,15.6,20.00,0.00,20.00,Low
851773c885feb5e2da3b4f82bc2b17ce,10,585.3,16.6,20.00,0.00,20.00,Low
f918546be4bec7104d117789ba758b2b,20,1483.0,12.4,20.00,0.00,20.00,Low
59cd88080b93f3c18508673122d26169,10,392.33,12.8,20.00,0.00,20.00,Low
392e0502231ae2f8b29994ef6398cd77,20,1871.7,17.8,10.00,5.00,20.00,Low
be8e909810184b9b19e886129149d8e5,15,629.85,15.2,20.00,0.00,20.00,Low
f8201cab383e484733266d1906e2fdfa,10,889.0,13.0,20.00,0.00,20.00,Low
9449f25aeaf531019b76999ea49a6949,10,2046.45,13.6,20.00,0.00,20.00,Low
99a54764c341d5dc80b4a8fac4eba3fb,45,3708.76,7.6,20.00,0.00,20.00,Low
508808d438fe2ff972ed13bb8f4a82e2,10,294.83,4.7,0.00,10.00,20.00,Low
1a932caad4f9d804097d7f8e615baed1,20,4661.0,9.5,20.00,0.00,20.00,Low
615005a3ef192c00c6f0e977cee3d2bc,10,286.5,13.7,20.00,0.00,20.00,Low
2a261b5b644fa05f4f2700eb93544f2c,51,5355.0,14.0,19.61,0.00,19.61,Low
c60b801f2d52c7f7f91de00870882a75,41,12913.5,16.0,19.51,0.00,19.51,Low
6ec1a01e866584bb679eb9b098345919,31,4248.91,13.6,19.35,0.00,19.35,Low
cd68562d3f44870c08922d380acae552,125,18569.7,16.2,17.60,0.80,19.20,Low
784ba75dd9d20200c4caed3d7a77141a,21,8295.13,13.6,9.52,4.76,19.04,Low
d20b021d3efdf267a402c402a48ea64b,90,4140.17,17.0,16.67,1.11,18.89,Low
e5a3438891c0bfdb9394643f95273d8e,224,7738.35,15.6,17.86,0.45,18.76,Low
86bb7c4b535e49a541baf3266b1c95b1,16,8162.4,20.1,18.75,0.00,18.75,Low
81336a0f57a33776419727a300249e90,16,1374.85,17.5,18.75,0.00,18.75,Low
e3a386fc36e22064434e1fa256f6a9fa,16,793.9,10.0,18.75,0.00,18.75,Low
a416b6a846a11724393025641d4edd5e,162,25670.72,12.5,12.35,3.09,18.53,Low
e0878efa0e0b7e5313ac0b43bc04c081,27,5065.3,18.0,18.52,0.00,18.52,Low
891071be6ba827b591264c90c2ae8a63,92,4177.28,13.7,16.30,1.09,18.48,Low
e2aee0892199b1d92530e371abd825bf,38,5662.57,15.4,13.16,2.63,18.42,Low
d93919c944be9cff128f6c9cb899eacb,33,2666.7,22.8,18.18,0.00,18.18,Low
fa74b2f3287d296e9fbd2cc80f2d1cf1,11,2459.89,30.2,18.18,0.00,18.18,Low
e99e927c81e3f51739c94fcdfca9f10f,22,2702.83,14.5,18.18,0.00,18.18,Low
0249d282d911d23cb8b869ab49c99f53,11,393.0,10.0,18.18,0.00,18.18,Low
082e0bf4cb865a6533b1e8e498cc0255,11,2073.3,14.3,18.18,0.00,18.18,Low
04aa0a1c5ce6b222003403a3e11c3cc0,11,5518.0,17.5,18.18,0.00,18.18,Low
b55638ad525e906c698fa2ce742c1742,11,1094.8,23.4,18.18,0.00,18.18,Low
f08a5b9dd6767129688d001acafc21e5,11,14069.63,18.7,18.18,0.00,18.18,Low
b5abf4f36adc043117b4fca82c22984c,11,1247.8,19.5,18.18,0.00,18.18,Low
2089a6d640999f9b9141ac719b2af596,44,8830.82,19.5,13.64,2.27,18.18,Low
1b7e5006cb25dd23ce8686691013b121,11,2636.74,15.4,18.18,0.00,18.18,Low
7586919161935337bf6b6d7ff5779648,11,1664.71,17.4,18.18,0.00,18.18,Low
39c763cca83e654764b7a4a650fb9b7c,11,761.0,13.5,18.18,0.00,18.18,Low
602044f2c16190c2c6e45eb35c2e21cb,50,3739.16,14.8,18.00,0.00,18.00,Low
e5e33c0d8e7e002f398f5dc4cbbb338f,28,6698.7,12.2,10.71,3.57,17.85,Low
75d34ebb1bd0bd7dde40dd507b8169c3,62,15048.28,16.1,14.52,1.61,17.74,Low
9c068d10aca38e85c50202e17b4a7e88,17,2658.9,16.5,17.65,0.00,17.65,Low
002100f778ceb8431b7a1020ff7ab48f,51,1234.5,16.2,17.65,0.00,17.65,Low
b64d51f0435e884e8de603b1655155ae,17,416.18,7.2,17.65,0.00,17.65,Low
768a86e36ad6aae3d03ee3c6433d61df,17,587.46,5.1,17.65,0.00,17.65,Low
099095b050cfe8eb1ddff5317587e96e,17,5193.83,11.2,17.65,0.00,17.65,Low
9f50216bfd01913736a55a11b55ea842,17,1354.0,10.1,17.65,0.00,17.65,Low
6bb0724edf0b62fb91ac404873a97241,17,3653.0,14.2,17.65,0.00,17.65,Low
89bc797e2e29667aa035d4368f9b7f92,17,407.3,15.5,17.65,0.00,17.65,Low
08d2d642cf72b622b14dde1d2f5eb2f5,17,914.0,15.3,17.65,0.00,17.65,Low
fe49ee029e61e789a1f3a5525f57ba8d,17,2527.59,10.5,5.88,5.88,17.64,Low
f615fe7efbef0f4f08fd3086bc7a3e60,23,2359.27,7.5,8.70,4.35,17.40,Low
3d5d0dc7073a299e31fa718ce1bc00b6,23,790.7,8.4,8.70,4.35,17.40,Low
e7df4cd29ab5abab70fb0783ddb53987,23,9608.7,10.0,17.39,0.00,17.39,Low
f12ff17ad8bbf01ec5c33b17e506649b,29,6241.0,13.8,10.34,3.45,17.24,Low
d97df38225e5abadaff1e72cb72b823c,29,1846.0,12.1,17.24,0.00,17.24,Low
dd55f1bb788714a40e7954c3be6df745,35,7041.76,18.3,17.14,0.00,17.14,Low
ec8879960bd2221d5c32f8e12f7da711,36,4062.4,16.3,16.67,0.00,16.67,Low
acadd4d36859671cb635527c6c977533,12,2381.0,17.9,16.67,0.00,16.67,Low
70849ca4f400aaabb62cb7462a6f1428,12,909.58,10.8,16.67,0.00,16.67,Low
fffd5413c0700ac820c7069d66d98c89,60,9062.3,13.7,13.33,1.67,16.67,Low
bd15ee794d5e640d9dd71b665b2ab15b,12,374.8,14.4,16.67,0.00,16.67,Low
323ce52b5b81df2cd804b017b7f09aa7,30,2554.2,17.0,16.67,0.00,16.67,Low
bc07d855eac23aab5ac8a120f21d16b2,12,1283.11,13.4,16.67,0.00,16.67,Low
179d859f51292aac5c10806a356f7af9,18,404.47,8.8,16.67,0.00,16.67,Low
ec80e49e69745ab6c14f984bf2149423,12,3709.0,12.9,16.67,0.00,16.67,Low
b8630e1121437d41cb08e3c749c2c2e2,12,6988.0,10.9,16.67,0.00,16.67,Low
bbaff50f3b708fda865918715276cd87,12,449.7,10.0,16.67,0.00,16.67,Low
ccb83a794700270fde70898fe9ff368b,12,11062.0,16.6,16.67,0.00,16.67,Low
a1474fd46fd3430168f7ec202da39408,12,2752.5,18.0,16.67,0.00,16.67,Low
7ecd59e5e20407131822c1a68ac59c1f,24,1466.71,17.1,16.67,0.00,16.67,Low
d17f467e4bf608a510c20d82f4ba3b6b,12,3021.66,11.9,16.67,0.00,16.67,Low
863d2ebcd347ce4922de7a0f9a5581d6,18,1382.36,11.5,16.67,0.00,16.67,Low
9906e7aa42a3c067b7c9a564d01c4320,12,2619.0,16.3,16.67,0.00,16.67,Low
bacb1f0ed56ad24198f5810d2b3fe9a5,42,6940.45,9.8,2.38,7.14,16.66,Low
8e6d7754bc7e0f22c96d255ebda59eba,85,14497.27,15.2,16.47,0.00,16.47,Low
8160255418d5aaa7dbdc9f4c64ebda44,385,47017.69,16.2,16.36,0.00,16.36,Low
8b9d6eec4a7eb7d0f9d579ce0b38324d,49,4232.54,10.3,16.33,0.00,16.33,Low
994f04b3718c2bab35c2adfa8afecd2a,49,3445.7,14.0,8.16,4.08,16.32,Low
3c03b12bab54d8b37d79d914bfdb1aa0,37,4236.34,13.5,16.22,0.00,16.22,Low
abe42c5d03695b4257b5c6cbf4e6784e,50,17159.0,14.3,16.00,0.00,16.00,Low
3b872fd4747f01cc56206f2934198618,25,2726.74,14.4,16.00,0.00,16.00,Low
bbad7e518d7af88a0897397ffdca1979,69,4462.22,13.3,15.94,0.00,15.94,Low
adbc26658d6c7b4b6219f9d934598091,88,11806.4,17.1,15.91,0.00,15.91,Low
b18dc380845b24038cfc48006478f099,44,8353.3,12.8,15.91,0.00,15.91,Low
2c9e548be18521d1c43cde1c582c6de8,126,6109.44,13.6,15.87,0.00,15.87,Low
11bfa66332777660bd0640ee84d47006,76,3925.87,16.5,15.79,0.00,15.79,Low
5b8154610ebb21fb90eb587365e673df,38,9397.54,13.0,10.53,2.63,15.79,Low
adcf50477d6a1f5d91bb9d54c4903cb5,19,1425.14,23.5,15.79,0.00,15.79,Low
7bac63f6603d382cc8d0832eb6c100a8,19,7751.95,15.7,15.79,0.00,15.79,Low
67883baaae6134ee81b271a542613728,19,8167.9,5.8,15.79,0.00,15.79,Low
1b8b75e227c9a9c100d0c210fb6176ce,19,1914.83,14.9,5.26,5.26,15.78,Low
0b35c634521043bf4b47e21547b99ab5,51,13533.65,19.2,15.69,0.00,15.69,Low
a6fe7de3d16f6149ffe280349a8535a0,51,2904.8,14.9,15.69,0.00,15.69,Low
070d165398b553f3b4b851c216b8a358,32,3393.16,12.1,15.63,0.00,15.63,Low
dd7ddc04e1b6c2c614352b383efe2d36,122,9178.51,15.0,15.57,0.00,15.57,Low
b2479f944e1b90cf8a5de1bbfde284d6,103,4752.51,15.3,13.59,0.97,15.53,Low
f7ba60f8c3f99e7ee4042fdef03b70c4,219,68395.0,13.3,15.53,0.00,15.53,Low
6a51fc556dab5f766ced6fbc860bc613,26,7577.67,14.0,7.69,3.85,15.39,Low
0cbcee27c791afa0cdcb08587a2013a8,39,5324.15,13.2,10.26,2.56,15.38,Low
5b07547f10dd980738a1a27f685af669,13,1134.6,6.2,15.38,0.00,15.38,Low
5075aaa8404020ae6aa8bf4792099b41,13,1822.8,11.8,0.00,7.69,15.38,Low
6f229cc508fc6915ed5c499efd93baa4,13,2654.8,9.3,15.38,0.00,15.38,Low
f5a590cf36251cf1162ea35bef76fe84,117,53201.78,11.7,10.26,2.56,15.38,Low
557f22c76691849db52d2abccf0015d0,13,865.86,14.6,0.00,7.69,15.38,Low
431af27f296bc6519d890aa5a05fdb11,117,13109.5,17.2,15.38,0.00,15.38,Low
cee48807215b30a12ca2ca10ffb5f250,39,7212.23,23.6,15.38,0.00,15.38,Low
7c4618c82226628831613e95e9c22f44,13,333.93,11.0,15.38,0.00,15.38,Low
3771c85bac139d2344864ede5d9341e3,26,1433.3,13.2,15.38,0.00,15.38,Low
00720abe85ba0859807595bbf045a33b,13,1007.5,11.7,15.38,0.00,15.38,Low
655220df33262c7e0c4949a147366f94,13,2245.0,13.8,15.38,0.00,15.38,Low
562f8cfc51f265411f487d07e9c40e7f,13,766.92,13.9,15.38,0.00,15.38,Low
ba143b05f0110f0dc71ad71b4466ce92,85,6110.58,10.2,15.29,0.00,15.29,Low
ff1fb4c404b2efe68b03350a8dc24122,46,6771.0,10.1,15.22,0.00,15.22,Low
4917cee8d902e13428c3ec4b1ca6f315,33,5421.9,18.1,3.03,6.06,15.15,Low
0ffa40d54288e4f3499b8780dd0f144f,33,2162.8,13.4,15.15,0.00,15.15,Low
c3867b4666c7d76867627c2f7fb22e21,245,37153.4,15.3,11.02,2.04,15.10,Low
7e1fb0a3ebfb01ffb3a7dae98bf3238d,159,27349.53,15.5,12.58,1.26,15.10,Low
8f2ce03f928b567e3d56181ae20ae952,153,21712.9,14.3,15.03,0.00,15.03,Low
3f3486b61f45078d4f31ee5e43d8c5bb,40,3829.73,13.8,15.00,0.00,15.00,Low
05f51e13da97139648b8125c31e5f51b,60,13769.01,12.4,15.00,0.00,15.00,Low
f593898ec748b7a8cb81fc04edafd98a,20,2813.04,16.6,15.00,0.00,15.00,Low
f4c4daa86e30c7e5a553a8d518ac03a5,20,6301.91,16.6,5.00,5.00,15.00,Low
440dd6ab244315c632130ecfb63827b1,94,13696.9,16.5,12.77,1.06,14.89,Low
8d79c8a04e42d722a75097ce5cbcf2ef,27,2777.72,19.2,14.81,0.00,14.81,Low
a888faf2d1baececa6baf9c3d603ee1f,54,17765.8,18.1,14.81,0.00,14.81,Low
855668e0971d4dfd7bef1b6a4133b41b,312,32208.16,16.2,13.46,0.64,14.74,Low
e96498ed8daaa3e9c23f7a62da76591c,34,9619.09,15.1,14.71,0.00,14.71,Low
23c38debaffe4a25a30fdbd9b586a13f,41,5382.18,11.5,14.63,0.00,14.63,Low
218f991754f360af9c2daa5e0b8e990c,14,3554.32,13.9,14.29,0.00,14.29,Low
ffeee66ac5d5a62fe688b9d26f83f534,14,1839.86,18.0,14.29,0.00,14.29,Low
52f0fe436a347ddad7ed5f9aa4e27eaa,21,1484.37,14.9,14.29,0.00,14.29,Low
5a413ade68e8f8d93071a7f52a64cb9e,14,778.9,4.1,14.29,0.00,14.29,Low
45213867cefbf2cd4c6177e10216a951,14,4955.42,14.9,14.29,0.00,14.29,Low
411f3b52d857390502ee4e4d5ceabc2d,21,1804.01,9.7,14.29,0.00,14.29,Low
23613d49c3ac2bd302259e55c06c050c,70,4293.0,13.9,14.29,0.00,14.29,Low
014c0679dd340a0e338872e7ec85666a,14,7058.0,19.8,14.29,0.00,14.29,Low
c679fb69a36e1d8349e8c50a217b4d58,14,1825.68,10.9,14.29,0.00,14.29,Low
c847e075301870dd144a116762eaff9a,42,15348.7,17.0,9.52,2.38,14.28,Low
54065e9aef7e9e9c2dc23b7594db021a,14,8003.0,12.4,0.00,7.14,14.28,Low
82bd0703a4aefd6b599e5bfdaed378fb,21,2692.28,11.7,4.76,4.76,14.28,Low
82e0a475a88cc9595229d8029273f045,42,10930.02,16.0,9.52,2.38,14.28,Low
c9a06ece156bb057372c68718ec8909b,14,4688.9,11.6,0.00,7.14,14.28,Low
8444e55c1f13cd5c179851e5ca5ebd00,99,22873.21,21.0,6.06,4.04,14.14,Low
b561927807645834b59ef0d16ba55a24,85,4501.99,12.5,14.12,0.00,14.12,Low
50c9975695009e5e6473912e83a6d1da,50,3964.4,16.4,14.00,0.00,14.00,Low
a673821011d0cec28146ea42f5ab767f,129,13863.69,12.9,10.85,1.55,13.95,Low
0ed6ce5d87fd9c69eaacaeb778d67235,43,2141.42,15.9,13.95,0.00,13.95,Low
834f8533b2ecb6598dd004ff3de7203a,43,4538.29,14.6,13.95,0.00,13.95,Low
c31eff8334d6b3047ed34bebd4d62c36,122,13191.5,12.6,13.93,0.00,13.93,Low
f3da5b2ff499efb8d4a6d371d175d7dd,79,3702.29,11.5,13.92,0.00,13.92,Low
7ad32824caee82087b3e2e5f33b1bf32,151,22505.1,12.0,13.91,0.00,13.91,Low
a17f621c590ea0fab3d5d883e1630ec6,65,2778.58,11.5,7.69,3.08,13.85,Low
ce248b21cb2adc36282ede306b7660e5,65,15230.06,15.6,10.77,1.54,13.85,Low
57c764b4a836300be881e2ff86e449f9,29,1211.0,15.4,13.79,0.00,13.79,Low
1eade46fba20122dc4aefb379f8c636b,58,3635.37,12.4,13.79,0.00,13.79,Low
048c2757535328e0d7dac690ad3c0aae,51,9264.78,18.4,13.73,0.00,13.73,Low
99eaacc9e6046db1c82b163c5f84869f,66,13139.17,15.0,10.61,1.52,13.65,Low
900ba814c251a692506d7834c1218441,88,29099.69,12.4,13.64,0.00,13.64,Low
2d50d6282f8aa2257819a77bfaa0efe0,44,3353.48,13.6,13.64,0.00,13.64,Low
7901646fdd36a55f564ffaf2dbccaaf7,22,11857.08,9.8,13.64,0.00,13.64,Low
7139dc5186aa238b006e066d8fbab2e4,22,1712.0,14.7,13.64,0.00,13.64,Low
2156f2671501a81034d7d07f217609d0,22,2981.5,15.2,13.64,0.00,13.64,Low
7b1222c3624aa89b9558b50a2594188c,22,10103.52,17.6,13.64,0.00,13.64,Low
f08c008c8a8d31417763738a1788a2a8,22,1291.72,19.2,13.64,0.00,13.64,Low
7681ef142fd2c19048da7430856b5588,59,31941.81,10.5,13.56,0.00,13.56,Low
45d33f715e24d15a6ccf5c17b3a23e3c,59,4838.23,11.5,6.78,3.39,13.56,Low
14d7985702e72162bbf13b6beb74ab2b,37,3887.0,10.9,13.51,0.00,13.51,Low
6fd52c528dcb38be2eea044946b811f8,67,7743.02,21.5,13.43,0.00,13.43,Low
2e90cb1677d35cfe24eef47d441b7c87,127,13894.71,12.4,13.39,0.00,13.39,Low
7aa4334be125fcdd2ba64b3180029f14,217,16234.81,15.9,13.36,0.00,13.36,Low
c84592044b180dec206770c38603814b,15,511.94,12.6,0.00,6.67,13.34,Low
e38db885400cd35c71dfd162f2c1dbcf,30,2066.8,12.7,13.33,0.00,13.33,Low
820cc752a266cdc6c1a1e61dd4583330,15,2802.8,13.9,13.33,0.00,13.33,Low
c4fb51fb1c5b7c07bc5e67be6e7e8f6e,15,1567.9,16.5,13.33,0.00,13.33,Low
8b8cfc8305aa441e4239358c9f6f2485,15,11892.0,12.5,13.33,0.00,13.33,Low
c8467937e403e76a8ee9f0ab13f6f5ef,30,1853.79,16.9,13.33,0.00,13.33,Low
55bb6fe5bebe5012e2d7d9928e1128ff,15,1816.55,15.0,13.33,0.00,13.33,Low
3ade81dab5a172b88e1871c28ae05260,30,5751.6,14.1,13.33,0.00,13.33,Low
903037660cf848a717166eb7a06d616e,45,7991.51,11.8,13.33,0.00,13.33,Low
406822777a0b9eb5c50e442dd4cd3ec5,45,3648.08,13.3,13.33,0.00,13.33,Low
2646baaf662d4d92ac48f047e35db92d,15,1263.05,5.5,13.33,0.00,13.33,Low
f84fa566034f5e8e880a07ec624c56af,91,5093.79,11.8,13.19,0.00,13.19,Low
2b1a40c1daabc6ca280c4b815c101841,23,12732.6,13.4,4.35,4.35,13.05,Low
432c37c9dfba871172ec162e20118b8c,46,2968.87,14.6,8.70,2.17,13.04,Low
13d058e4eeac2ce8217660b2f8a05812,23,3829.77,11.4,13.04,0.00,13.04,Low
23a0ffca143a15b9b5bbdb7d552f626a,23,3718.51,11.4,13.04,0.00,13.04,Low
04e38a233f726ef161074ab1c9b0399a,23,1352.2,12.1,13.04,0.00,13.04,Low
681fce914360217db47784ae28905a96,23,4127.33,12.5,13.04,0.00,13.04,Low
cfb1a033743668a192316f3c6d1d2671,147,12803.64,12.1,11.56,0.68,12.92,Low
e62b2d6ac10570a035a30bafcf01d263,62,5340.39,14.0,12.90,0.00,12.90,Low
06579cb253ecd5a3a12a9e6eb6bf8f47,62,4727.2,9.9,12.90,0.00,12.90,Low
b74d1c09cb380e1d03a6f859c6f4224b,31,2221.6,10.8,12.90,0.00,12.90,Low
2eb70248d66e0e3ef83659f71b244378,202,42628.61,17.9,12.87,0.00,12.87,Low
59b22a78efb79a4797979612b885db36,125,27184.5,12.6,12.80,0.00,12.80,Low
3df020b72d3d44b3af9d110fa3940b65,55,5039.9,13.3,12.73,0.00,12.73,Low
5058e8c1e82653974541e83690655b4a,63,10022.82,26.7,12.70,0.00,12.70,Low
5343d0649eca2a983820bfe93fc4d17e,71,10000.64,11.2,9.86,1.41,12.68,Low
8b28d096634035667e8263d57ba3368c,143,9375.7,14.0,11.19,0.70,12.59,Low
afa6714acee029b2dfdf357e5579cc03,16,3220.76,12.7,12.50,0.00,12.50,Low
b33e7c55446eabf8fe1a42d037ac7d6d,152,44985.17,16.2,12.50,0.00,12.50,Low
c794dab4928dd97beb41d05514441e86,16,1312.4,13.8,12.50,0.00,12.50,Low
2d2c62bef4c8ba0dd74e0e228e808539,16,3749.0,10.2,12.50,0.00,12.50,Low
a2b5b6105ea5942300631d2e76f4ffe0,16,3286.69,8.6,12.50,0.00,12.50,Low
a6bd7d1ccdac48c6b33b28596b7eb122,16,14368.61,15.5,12.50,0.00,12.50,Low
4c498c7345e89aebad651544829beca0,48,4819.76,10.7,12.50,0.00,12.50,Low
f62d7bb4a613ec758a03342d46b580b2,32,24665.0,13.9,12.50,0.00,12.50,Low
977f9f63dd360c2a32ece2f93ad6d306,24,2858.87,12.7,12.50,0.00,12.50,Low
e89c4adbe7b1d0819dbb636e16461cf1,24,3181.3,15.0,12.50,0.00,12.50,Low
f125f3a310c2e5f822d116147de1e474,16,2761.4,11.9,12.50,0.00,12.50,Low
3935fe5fe0f82787a9dcb8deb62be09d,16,1681.69,11.1,12.50,0.00,12.50,Low
b33aaadd1a8891d2dfef0c4c3bdf0371,16,1504.0,14.0,12.50,0.00,12.50,Low
fcdd820084f17e9982427971e4e9d47f,16,4783.99,12.3,12.50,0.00,12.50,Low
610f72e407cdd7caaa2f8167b0163fd8,16,13585.16,12.6,12.50,0.00,12.50,Low
b499c00f28f4b7069ff6550af8c1348a,152,10327.13,11.2,12.50,0.00,12.50,Low
9a84ba99f5367fdbd4598363496f1ea2,16,2284.98,10.7,0.00,6.25,12.50,Low
a36b125ac6d5fdbc7f50de85c9157bdc,24,1843.64,12.9,12.50,0.00,12.50,Low
cfa5ab0e4d3fc212fd0b3410e7081c62,16,6180.8,11.9,0.00,6.25,12.50,Low
67bf6941ba2f1fa1d02c375766bc3e53,16,5610.0,14.9,12.50,0.00,12.50,Low
cb5df0dcb9e280b1780e9d589889f2c7,16,2934.72,21.7,12.50,0.00,12.50,Low
7040e82f899a04d1b434b795a43b4617,212,9738.2,10.4,9.43,1.42,12.27,Low
dd533b429f380718b70ad9922c294bae,41,2819.77,17.2,12.20,0.00,12.20,Low
b1fc4f64df5a0e8b6913ab38803c57a9,107,7994.74,15.8,12.15,0.00,12.15,Low
4a3ccda38b2129705f3fb522db62ca31,66,17062.59,13.3,9.09,1.52,12.13,Low
643214e62b870443ccbe55ab29a4dccf,66,3270.13,9.5,12.12,0.00,12.12,Low
f46490624488d3ff7ce78613913a7711,83,5802.85,10.2,12.05,0.00,12.05,Low
7d13fca15225358621be4086e1eb0964,565,113628.97,15.7,12.04,0.00,12.04,Low
198c7ea11960a9844b544d9bcdca860c,25,1733.75,14.6,12.00,0.00,12.00,Low
edf96ef93ed595084bbcbd9224bd2894,25,3757.0,13.9,12.00,0.00,12.00,Low
1dc2de47ee26a0a5b12dc14fd6dc0dea,25,1670.3,14.5,12.00,0.00,12.00,Low
165fc07beebdcb6190fba8a06db2a449,50,17481.4,12.8,12.00,0.00,12.00,Low
897060da8b9a21f655304d50fd935913,317,23023.92,14.9,11.36,0.32,12.00,Low
15aac934c58d886785ac1b17953ea898,25,4353.9,14.2,12.00,0.00,12.00,Low
7e3f87d16fb353f408d467e74fbd8014,92,4754.99,12.5,11.96,0.00,11.96,Low
77530e9772f57a62c906e1c21538ab82,320,46610.4,15.0,11.25,0.31,11.87,Low
3078096983cf766a32a06257648502d1,59,8285.42,11.9,5.08,3.39,11.86,Low
0adac9fbd9a2b63cccaac4f8756c1ca8,110,15960.95,13.0,6.36,2.73,11.82,Low
0dd184061fb0eaa7ca37932c68ab91c5,161,18446.92,11.7,11.80,0.00,11.80,Low
d3f39f05462b79a4562d35893a28f159,34,2411.3,11.8,11.76,0.00,11.76,Low
d5ba419e26d246a0719437cf37d9b46d,34,4061.4,9.8,11.76,0.00,11.76,Low
ad97a199236354e53fcd91a5a913e9a2,17,13205.9,15.6,11.76,0.00,11.76,Low
0d85bbda9889ce1f7e63778d24f346eb,51,4845.2,15.7,11.76,0.00,11.76,Low
f63d8f293af3a6454377546bd9dd19ff,17,1751.82,16.1,11.76,0.00,11.76,Low
3dbbce181edfaa4a597ec858c382d2ec,17,848.3,13.8,11.76,0.00,11.76,Low
a425f92c199eb576938df686728acd20,17,1165.8,17.1,0.00,5.88,11.76,Low
3db66a856d18a9cba7c9241fc5221c50,94,9478.3,15.9,11.70,0.00,11.70,Low
04308b1ee57b6625f47df1d56f00eedf,94,60130.6,18.9,11.70,0.00,11.70,Low
4869f7a5dfa277a7dca6462dcf3b52b2,1132,229472.63,15.0,11.48,0.09,11.66,Low
1da366cade6d8276e7d8beea7af5d4bf,43,6917.59,17.5,11.63,0.00,11.63,Low
1835b56ce799e6a4dc4eddc053f04066,423,33344.21,13.2,11.58,0.00,11.58,Low
e9bc59e7b60fc3063eb2290deda4cced,216,34343.06,14.2,10.65,0.46,11.57,Low
34056b8b55c1775a22af2331670a799c,78,6455.4,12.8,11.54,0.00,11.54,Low
c8417879a15366a17c30af34c798c332,26,1767.9,9.4,11.54,0.00,11.54,Low
77a515caa36327151d1cc6c32a9f00e1,26,2217.39,10.4,11.54,0.00,11.54,Low
06df0c10d34e459d9672bc77388742eb,26,9070.0,10.1,11.54,0.00,11.54,Low
2709af9587499e95e803a6498a5a56e9,26,1279.56,11.1,11.54,0.00,11.54,Low
d05ae8f7a5bd1d2a690a44cd079e4e27,78,13436.0,11.2,8.97,1.28,11.53,Low
9c0e69c7bf2619675bbadf47b43f655a,157,33702.78,14.5,10.19,0.64,11.47,Low
729f06993dac8e860d4f02d7088ca48a,96,20485.08,11.7,11.46,0.00,11.46,Low
6fc26fe110feebd80a433e1f012a84f9,35,4150.87,12.8,11.43,0.00,11.43,Low
11305281b50fff20ae8bb473f8e11876,35,6528.7,13.6,11.43,0.00,11.43,Low
8d956fec2e4337affcb520f56fd8cbfd,211,11015.19,9.3,10.43,0.47,11.37,Low
7d76b645482be4a332374e8223836592,176,3843.93,13.5,11.36,0.00,11.36,Low
620c87c171fb2a6dd6e8bb4dec959fc6,740,114774.5,12.8,9.73,0.81,11.35,Low
8e6cc767478edae941d9bd9eb778d77a,106,6830.58,16.6,7.55,1.89,11.33,Low
270297ead4c65a6cd2593960d2af6b21,18,9422.4,14.3,0.00,5.56,11.12,Low
e7f3bf1ecd8526eb7f3b18059e6716e5,18,1471.54,9.1,0.00,5.56,11.12,Low
f5f2ab9bdb6b30c14c61be68c5ed37da,18,2134.68,13.4,11.11,0.00,11.11,Low
f84a00e60c73a49e7e851c9bdca3a5bb,90,5949.94,11.7,11.11,0.00,11.11,Low
d9bd94811c3338dceb4181f3dbc0c73e,54,6911.02,8.0,11.11,0.00,11.11,Low
f181738b150df1f37cb0bd72e705b193,36,5529.7,9.2,11.11,0.00,11.11,Low
1f1bb1f0859883505541bdd6606193e5,27,16040.84,13.8,11.11,0.00,11.11,Low
989becdce12ebc39863c2bceab6f3ca1,18,7840.88,13.8,11.11,0.00,11.11,Low
54c04bdb5ec46762f8f08c7e8f86ed4a,18,3281.66,15.7,11.11,0.00,11.11,Low
4a3ca9315b744ce9f8e9374361493884,1806,200472.92,14.4,10.80,0.11,11.02,Low
b2ba3715d723d245138f291a6fe42594,337,51676.88,14.0,8.61,1.19,10.99,Low
de23c3b98a88888289c6f5cc1209054a,164,26399.67,10.8,9.76,0.61,10.98,Low
382229d1e840115ffe3dbf5ff460e417,46,4096.96,9.2,10.87,0.00,10.87,Low
8581055ce74af1daba164fdbd55a40de,387,64925.3,13.1,9.82,0.52,10.86,Low
972d0f9cf61b499a4812cf0bfa3ad3c4,83,8089.29,18.1,10.84,0.00,10.84,Low
b14db04aa7881970e83ffa9426897925,83,5898.6,16.0,10.84,0.00,10.84,Low
aba1721a889e04decc910aa13b768ef4,83,14103.3,9.3,10.84,0.00,10.84,Low
718539d38d07dd351c76db862760e2e2,37,1318.9,8.5,0.00,5.41,10.82,Low
634964b17796e64304cadf1ad3050fb7,268,39465.1,14.5,10.07,0.37,10.81,Low
70a12e78e608ac31179aea7f8422044b,315,30858.53,14.7,10.79,0.00,10.79,Low
056b4ada5bbc2c50cc7842547dda6b51,65,12333.39,12.7,10.77,0.00,10.77,Low
e9d99831abad74458942f21e16f33f92,130,4922.48,12.8,10.77,0.00,10.77,Low
f27e33c6d29b5138fa9967bcd445b6d5,93,8888.3,12.0,10.75,0.00,10.75,Low
38e679b9e0064cd94c6f035707344dae,28,3694.51,11.3,3.57,3.57,10.71,Low
c0563dd588b775f2e37747ef6ad6c92c,28,3697.2,10.8,10.71,0.00,10.71,Low
16090f2ca825584b5a147ab24aa30c86,402,25716.44,9.1,10.70,0.00,10.70,Low
1f50f920176fa81dab994f9023523100,1404,106939.21,15.7,10.54,0.07,10.68,Low
9b00ed88b7fdb95d6ff76e27c1b52d16,47,1627.88,9.3,6.38,2.13,10.64,Low
db2956745b3a8e9f3785c99f34b5d25e,47,8599.0,14.2,10.64,0.00,10.64,Low
d51e0a403fe2e689ece6c73359d96e12,19,7790.0,13.9,10.53,0.00,10.53,Low
8648b1e89e9b349e32d3741b30ec737e,95,7442.55,8.9,10.53,0.00,10.53,Low
6d988d6174a2c27441597174f8905515,19,371.73,20.6,10.53,0.00,10.53,Low
ea00f977a203ff88adf7057cb7806998,19,389.72,5.3,10.53,0.00,10.53,Low
0176f73cc1195f367f7b32db1e5b3aa8,38,4733.1,13.3,10.53,0.00,10.53,Low
9dda5bbacd45e18d6485fee649205d09,19,1912.6,15.1,10.53,0.00,10.53,Low
ce69a8021d18961dd2a40269b7c2c293,19,4818.0,10.2,10.53,0.00,10.53,Low
45ba18c210d42734ec52c0c1c574e9ee,38,5589.13,7.4,5.26,2.63,10.52,Low
ea8482cd71df3c1969d7b9473ff13abc,1146,37177.52,13.2,10.30,0.09,10.48,Low
4e922959ae960d389249c378d1c939f5,420,46030.37,14.5,10.48,0.00,10.48,Low
fa1c13f2614d7b5c4749cbc52fecda94,585,194042.03,13.3,10.09,0.17,10.43,Low
f262cbc1c910c83959f849465454ddd3,192,10482.83,9.1,9.38,0.52,10.42,Low
238fac594e170b59c6d228f5a4f4f1d9,29,3126.0,11.8,10.34,0.00,10.34,Low
31da954dc0855f2495c6310f70a2f931,29,4583.0,8.1,10.34,0.00,10.34,Low
522620dcb18a6b31cd7bdf73665113a9,174,57168.49,15.4,10.34,0.00,10.34,Low
d1ef48b38baca7e831711c4a0aeb398f,29,1469.12,9.9,10.34,0.00,10.34,Low
d71d863e5ef30d94e440c11be17dcd8f,29,11900.9,19.1,10.34,0.00,10.34,Low
f0b47fbbc6dee9aafe415a6e33051b3f,68,3795.91,10.1,10.29,0.00,10.29,Low
8b321bb669392f5163d04c59e235e066,943,17535.69,12.6,10.29,0.00,10.29,Low
391fc6631aebcf3004804e51b40bcf1e,526,39951.95,14.4,10.27,0.00,10.27,Low
c9c7905cffc4ef9ff9f113554423e671,127,10657.18,11.0,10.24,0.00,10.24,Low
1900267e848ceeba8fa32d80c1a5f5a8,411,24982.53,13.1,10.22,0.00,10.22,Low
ececbfcff9804a2d6b40f589df8eef2b,98,6792.4,13.1,10.20,0.00,10.20,Low
fd386aa7bed2af3c7035c65506c9b4a3,69,2304.15,8.5,10.14,0.00,10.14,Low
d673a59aac7a70d8b01e6902bf090a11,79,3908.94,14.1,10.13,0.00,10.13,Low
37515688008a7a40ac93e3b2e4ab203f,228,5986.6,15.1,10.09,0.00,10.09,Low
1025f0e2d44d7041d6cf58b6550e0bfa,915,138968.55,12.3,10.05,0.00,10.05,Low
5a6a02f419701fc8c605af71d4fc57a4,10,600.5,5.6,10.00,0.00,10.00,Low
9dd59e43f0c9f0553244e8f9c2fb247e,10,356.3,13.1,10.00,0.00,10.00,Low
e59aa562b9f8076dd550fcddf0e73491,70,31574.3,14.0,10.00,0.00,10.00,Low
d7485b33791774c36108f8c69602d48d,10,399.82,8.9,10.00,0.00,10.00,Low
ef2fbc2b607d8492bcffe657a4645434,20,970.8,6.9,10.00,0.00,10.00,Low
6806dad1da97bfb5a9038eac6881f706,10,1477.0,16.9,10.00,0.00,10.00,Low
b127efdabeffb5d559349c7b172eb75d,10,308.5,10.1,10.00,0.00,10.00,Low
2bf6a2c1e71bbd29a4ad64e6d3c3629f,30,50628.9,13.6,10.00,0.00,10.00,Low
b2ac621f0d0322434d04a12b078b9369,30,9575.5,14.6,10.00,0.00,10.00,Low
cfe94489ddd337d1e29e12f2a7205d10,20,2376.0,6.9,10.00,0.00,10.00,Low
1ce3ae5a399804d1a87e706f8a813c3e,40,2563.0,14.4,10.00,0.00,10.00,Low
f7ccf836d21b2fb1de37564105216cc1,70,2787.4,11.1,10.00,0.00,10.00,Low
cb3dd9ce66268c7a3ca7241ac70ab58c,50,2879.76,13.9,6.00,2.00,10.00,Low
d3674f271c91f824f82d24d92011f669,20,1718.3,13.8,10.00,0.00,10.00,Low
d1b65fc7debc3361ea86b5f14c68d2e2,40,11703.07,9.2,5.00,2.50,10.00,Low
5ab05b6d86d417796c69ffd6774ec832,10,1886.1,14.0,10.00,0.00,10.00,Low
a3e9a2c700480d9bb01fba070ba80a0e,130,13440.8,13.1,10.00,0.00,10.00,Low
9d39404483343dd55c7ae254494d8388,10,293.2,14.2,10.00,0.00,10.00,Low
527801b552d0077ffd170872eb49683b,90,17942.8,13.1,10.00,0.00,10.00,Low
c6a7539d424a8402232c2228d7a03c5e,10,607.5,14.1,10.00,0.00,10.00,Low
fdaaf5bfda82b7b80535610c831b8d09,10,2588.9,9.8,10.00,0.00,10.00,Low
75fbb52eda0cbc24f479d3b2fbfa8d3e,40,1130.99,13.6,5.00,2.50,10.00,Low
de9727ca376d1be6ec121b110aa7954c,10,1058.7,12.0,10.00,0.00,10.00,Low
b2c97074649f92197d9387d9033dda5f,10,684.71,12.3,10.00,0.00,10.00,Low
6eb94e1466490d327a09abf8f3552a50,10,1511.95,8.2,10.00,0.00,10.00,Low
b16d3dadc47d4eb18be3d88bad0775ce,10,722.1,6.5,10.00,0.00,10.00,Low
5b2e94f2c22b39ccc24d34ad0f669672,10,949.78,9.9,10.00,0.00,10.00,Low
6e386f64c84e482f0b9abf960797ee1b,30,12938.3,10.5,10.00,0.00,10.00,Low
7c67e1448b00f6e969d365cea6b010ab,982,187923.89,22.3,9.98,0.00,9.98,Low
4c2b230173bb36f9b240f2b8ac11786e,261,14592.27,12.8,9.96,0.00,9.96,Low
0be8ff43f22e456b4e0371b2245e4d01,161,11805.5,10.3,6.21,1.86,9.93,Low
827f8f69dfa529c561901c4f2e0f332f,91,3408.39,13.7,9.89,0.00,9.89,Low
4371b634e0efc0e22b09b52907d9d469,102,8194.0,11.1,7.84,0.98,9.80,Low
17e34d8224d27a541263c4c64b11a56b,255,56363.24,14.2,8.24,0.78,9.80,Low
218d46b86c1881d022bce9c68a7d4b15,388,55093.28,13.8,9.28,0.26,9.80,Low
1d8dbc4f32378d715c717c1c1fc57bae,92,11315.89,15.6,9.78,0.00,9.78,Low
dc8798cbf453b7e0f98745e396cc5616,41,2056.3,13.4,4.88,2.44,9.76,Low
cd6efc47efaabf134f8bdb654e10b4f1,31,4158.55,8.5,9.68,0.00,9.68,Low
e8b4225284fbb02d16f200513f1f395d,31,5788.52,10.2,9.68,0.00,9.68,Low
78c99c6dff4eeae5be99bf635ed21e3f,31,2030.88,13.4,9.68,0.00,9.68,Low
7a241947449cc45dbfda4f9d0798d9d0,62,8027.63,13.2,6.45,1.61,9.67,Low
b6d44737c043328708f6749c2dbe50bd,62,5369.6,8.2,6.45,1.61,9.67,Low
1127b7f2594683f2510f1c2c834a486b,114,6851.33,9.3,2.63,3.51,9.65,Low
318f287a62ab7ac10b703ac37435a231,52,2517.48,11.5,9.62,0.00,9.62,Low
95f83f51203c626648c875dd41874c7f,52,3217.46,11.6,5.77,1.92,9.61,Low
7ddcbb64b5bc1ef36ca8c151f6ec77df,334,55578.57,12.6,8.38,0.60,9.58,Low
f4db9b37944bcb8873e6b456ee190bbf,21,3409.78,13.1,9.52,0.00,9.52,Low
a5a1bfcf728ab0e19182959cf0771ee4,21,1812.96,13.4,9.52,0.00,9.52,Low
1c40343cc5d18c2d8248ac2f3366de34,21,2461.41,7.5,9.52,0.00,9.52,Low
af4a0e4cfe1d9c26b6712b1be25a72e5,21,8757.98,13.3,9.52,0.00,9.52,Low
6b15924333bd1a741595fe981ea04822,21,614.32,7.8,9.52,0.00,9.52,Low
54a1852d1b8f10312c55e906355666ee,200,17226.44,11.4,9.50,0.00,9.50,Low
6860153b69cc696d5dcfe1cdaaafcf62,74,3827.63,10.1,9.46,0.00,9.46,Low
1336efc61c316ddf92c899eb817f7cae,74,4837.31,11.7,9.46,0.00,9.46,Low
6a8b085f816a1f75f92dbac6eb545f8f,127,6018.97,14.6,9.45,0.00,9.45,Low
3340ef1913fb70d28420f6ceb685c339,32,6731.15,16.7,9.38,0.00,9.38,Low
20cb7c2fde3e5bf10f0bbe7394e1c6a9,32,861.9,12.4,9.38,0.00,9.38,Low
7b0df942f46435babab05d49b744b2c4,32,22600.63,11.0,9.38,0.00,9.38,Low
5c6d4016c2a288f074fa0848a2b653d2,32,3159.0,10.5,9.38,0.00,9.38,Low
2745f798279e0ed033addcc1474776d7,32,3668.53,13.2,9.38,0.00,9.38,Low
c826c40d7b19f62a09e2d7c5e7295ee2,354,45643.74,13.2,9.32,0.00,9.32,Low
dd2bdf855a9172734fbc3744021ae9b9,108,10816.7,15.3,5.56,1.85,9.26,Low
e067ad2c1c0b48758eb1b5228bcf7a68,54,5042.55,14.9,9.26,0.00,9.26,Low
751bdc4d83a466c7206cd42e8f426b03,54,6648.93,10.8,1.85,3.70,9.25,Low
8e8a7ce9f2f970dc00e2acf6f6e199f6,65,9101.0,12.1,9.23,0.00,9.23,Low
aac29b1b99776be73c3049939652091d,98,6755.91,14.9,9.18,0.00,9.18,Low
76d5af76d0271110f9af36c92573f765,131,33461.6,11.9,9.16,0.00,9.16,Low
b335c59ab742f751a85db9c411a86739,33,2873.34,16.1,3.03,3.03,9.09,Low
17908cf9b444ee34047cadd5c0f4a516,11,1993.99,18.9,9.09,0.00,9.09,Low
4be6b962d83299498bae2190f95d6566,11,508.8,7.9,9.09,0.00,9.09,Low
66fd84ee7528c0c0de85d0f44a73d5ab,11,1438.11,15.3,9.09,0.00,9.09,Low
18a349e75d307f4b4cc646a691ed4216,121,8711.53,11.1,5.79,1.65,9.09,Low
89f69225956f951295ca4c7fb1266553,11,1041.3,9.8,9.09,0.00,9.09,Low
b4a476fbd28de64b1e347abf9089366a,33,5724.04,12.7,9.09,0.00,9.09,Low
1cbd32d00d01bb8087a5eb088612fd9c,11,1045.47,12.4,9.09,0.00,9.09,Low
cb6c9f5888a7a090c75beaf615925792,11,779.89,9.9,9.09,0.00,9.09,Low
8ca1551acf9832a4cf467bbbac15851f,11,2176.4,13.2,9.09,0.00,9.09,Low
6f892e20a171e98efe17fdb971ff319b,44,6438.7,17.3,9.09,0.00,9.09,Low
4ba52dfeba874da5b9ee7b17c7494f04,11,1463.0,10.6,9.09,0.00,9.09,Low
a2e874074c877c5a05abae80ad6e488f,44,8071.98,19.2,4.55,2.27,9.09,Low
7b7f91e98f8c6def45a1407923304402,11,417.47,13.1,9.09,0.00,9.09,Low
6ddc28b61be28373b4503a1f61cf98a9,11,1732.9,6.8,9.09,0.00,9.09,Low
cd06602b43d8800bd0afad514919d35c,44,2588.07,12.7,4.55,2.27,9.09,Low
b6dc74ed30f124f95227bed4e43a3bed,11,518.96,18.1,9.09,0.00,9.09,Low
723cd880edaacdb998898b67c8f9da30,11,2136.53,9.9,9.09,0.00,9.09,Low
9df5750209b83567ec144eb299d7d634,11,4917.0,14.1,9.09,0.00,9.09,Low
70c27847eca8195c983ed7e798c56743,77,12077.52,11.1,9.09,0.00,9.09,Low
bc302730ea8cf49b5c74f579febb5bbf,11,2640.9,11.1,9.09,0.00,9.09,Low
02f623a8eb246f3c5f7c2f96462654e6,44,6378.0,8.4,9.09,0.00,9.09,Low
1690cada046eb7e92c12f98b1f8a8167,11,1959.0,7.2,9.09,0.00,9.09,Low
276677b5d08786d5dce7c2149dcce48b,33,3522.0,12.0,9.09,0.00,9.09,Low
4677a5437afda5fa7140b927b07be1cc,11,3415.7,12.4,9.09,0.00,9.09,Low
503c1de08ae81a2d86f17951b204db55,22,4906.99,13.5,9.09,0.00,9.09,Low
c9aafcd0621b2207c10e32c649cada4d,44,2997.25,8.7,9.09,0.00,9.09,Low
bb7a14e229b1c95156719c3d9552eeee,11,3190.1,11.4,9.09,0.00,9.09,Low
fe701d88b67eaca109dffd464d1be9f9,11,1548.9,12.3,9.09,0.00,9.09,Low
31ae0774c17fabd06ff707cc5bde005f,11,6719.85,11.6,9.09,0.00,9.09,Low
165b1235e9e9942cb5fae67103576fb0,11,2085.15,7.6,9.09,0.00,9.09,Low
8e2b3afb420011ef0c88c9d5f11ea526,11,1384.5,10.6,9.09,0.00,9.09,Low
55f7a3319d80f7fdf078b8f03e6725fe,22,3013.78,6.7,9.09,0.00,9.09,Low
fb89df7f89fd1b8f03fa2acca1ba7364,22,2220.0,16.1,9.09,0.00,9.09,Low
c4fabeea6e569d42d02993bb1f4f1cbc,11,859.3,21.6,9.09,0.00,9.09,Low
68f86ba270525243e68ae74044f992b9,11,876.5,10.1,9.09,0.00,9.09,Low
7f2617c58d5d06806987308b45654351,22,3656.8,12.5,9.09,0.00,9.09,Low
e5a38146df062edaf55c38afa99e42dc,121,15360.07,12.1,9.09,0.00,9.09,Low
1caf283236cd69af44cbc09a0a1e7d32,33,917.6,13.7,9.09,0.00,9.09,Low
c5f7feb04a6a1fb3596322bfc3cf1917,11,1720.6,10.0,9.09,0.00,9.09,Low
236585a4ddb5fea9fa40233e2249ed91,11,649.53,13.0,9.09,0.00,9.09,Low
d4910f1cdcfdabd48d6b316e395d4a23,11,1146.88,6.0,9.09,0.00,9.09,Low
f457c46070d02cadd8a68551231220dd,199,19093.0,14.5,6.03,1.51,9.05,Low
ce7d1888639e6fb06b2749cbfdac1ff7,78,11793.89,14.5,8.97,0.00,8.97,Low
a420f60ff1aa9acc80d0e42959f2b313,67,7443.3,11.4,8.96,0.00,8.96,Low
ef506c96320abeedfb894c34db06f478,324,9771.43,13.5,8.33,0.31,8.95,Low
17f51e7198701186712e53a39c564617,56,48019.0,23.3,8.93,0.00,8.93,Low
00ee68308b45bc5e2660cd833c3f81cc,135,20260.0,9.5,8.89,0.00,8.89,Low
fe2032dab1a61af8794248c8196565c9,294,65959.61,10.7,8.84,0.00,8.84,Low
d1c281d3ae149232351cd8c8cc885f0d,215,26942.6,12.7,8.84,0.00,8.84,Low
5b179e9e8cc7ab6fd113a46ca584da81,34,5173.5,13.0,8.82,0.00,8.82,Low
5160d23075764e18e07c1f4a87fad743,34,2429.0,9.1,2.94,2.94,8.82,Low
5f2684dab12e59f83bef73ae57724e45,68,9000.87,10.6,5.88,1.47,8.82,Low
98dac6635aee4995d501a3972e047414,91,4235.85,9.6,8.79,0.00,8.79,Low
244c2f1bff6afe1f2eaf9bfe9b2aed38,23,2580.0,13.8,8.70,0.00,8.70,Low
916c9de0b5ad957346eeeb12f332687e,23,5480.25,8.8,0.00,4.35,8.70,Low
157c3e4b42f81ac4a44e8b1ca2fe9876,23,2548.5,10.9,8.70,0.00,8.70,Low
afe0067131b73e40875c9b6c10bd2e21,46,5130.4,15.4,4.35,2.17,8.69,Low
42bde9fef835393bb8a8849cb6b7f245,35,7703.0,10.2,2.86,2.86,8.58,Low
4830e40640734fc1c52cd21127c341d4,210,9843.47,9.9,6.67,0.95,8.57,Low
6a0cbc8af2e8abd1bdfb777943d174c6,35,3894.05,15.4,8.57,0.00,8.57,Low
93dc87703c046b603023e75222018b45,35,8517.35,20.0,8.57,0.00,8.57,Low
ef0ace09169ac090589d85746e3e036f,129,16223.3,12.8,8.53,0.00,8.53,Low
5d0363b33554b373851fc1622e4d5f3c,94,6610.79,12.4,8.51,0.00,8.51,Low
cbd996ad3c1b7dc71fd0e5f5df9087e2,165,8411.04,12.8,8.48,0.00,8.48,Low
9646c3513289980f17226a2fc4720dbd,71,3039.3,11.2,2.82,2.82,8.46,Low
3be634553519fb6536a03e1358e9fdc7,83,5370.95,10.1,8.43,0.00,8.43,Low
688756f717c462a206ad854c5027a64a,83,5966.54,10.7,8.43,0.00,8.43,Low
c70c1b0d8ca86052f45a432a38b73958,261,36537.37,8.0,8.43,0.00,8.43,Low
213b25e6f54661939f11710a6fddb871,155,15379.5,15.2,8.39,0.00,8.39,Low
e6a69c4a27dfdd98ffe5aa757ad744bc,24,2076.2,10.7,0.00,4.17,8.34,Low
f5f1f2c5f923f36ad79ea1d07185ddc9,12,1912.15,13.2,8.33,0.00,8.33,Low
7357b52d27cbaa90f81a96cbc1279396,12,1328.02,9.8,8.33,0.00,8.33,Low
bd1d49a326abfa9b1036772e40445430,12,637.7,12.3,8.33,0.00,8.33,Low
26d8a1c7c75d513045798992ead43aa2,36,8244.12,12.6,8.33,0.00,8.33,Low
56642bcb79900e777d68e91915cb4267,48,3657.64,12.5,8.33,0.00,8.33,Low
4324dd16853115efb0fd9d0d131ba6f4,12,1052.25,13.2,8.33,0.00,8.33,Low
1d29dfba02015238dfbe2449a5eaa361,12,612.8,15.3,8.33,0.00,8.33,Low
8cc6a0e5738e61a87b03c78b2ba9db4b,24,13312.4,17.0,8.33,0.00,8.33,Low
6b3bd31ad8fcda4b2635ec9f3ff2ecdf,36,4198.9,13.1,8.33,0.00,8.33,Low
985c92cc412091f8529c12d7f23d3fef,12,1368.5,7.6,8.33,0.00,8.33,Low
c3acdfac4e3e97ff87529454fbc03642,12,16788.0,10.9,8.33,0.00,8.33,Low
058cb5aeb36d7c0fcae20fc85d5e0a59,12,1328.0,10.0,8.33,0.00,8.33,Low
3ab971ce71839580d2ae5b4e40fe8044,36,5002.9,6.8,8.33,0.00,8.33,Low
32b8764b4ef628b53608fc34011fcc13,36,8884.0,11.2,8.33,0.00,8.33,Low
97512d3fc193b2d1dfcdba0f9d1f0f8a,12,1458.87,8.3,8.33,0.00,8.33,Low
b83cedfb587e7911540e3f576d6917ce,24,2224.95,10.0,8.33,0.00,8.33,Low
0a85ebe4e328db81ac9109781205e2f7,12,667.9,5.2,8.33,0.00,8.33,Low
1d503743d2526f03f0c2c89540ee008c,12,516.04,10.9,8.33,0.00,8.33,Low
2e13c71026e1a39ba5cc1b86dcb679aa,24,3793.0,10.6,8.33,0.00,8.33,Low
99002261c568a84cce14d43fcffb43ea,36,4088.0,16.7,8.33,0.00,8.33,Low
f52c2422904463fdd7741f99045fecb6,12,567.79,5.6,8.33,0.00,8.33,Low
cd3d09fbe6e3e9ff0c0ac0c300e93ae7,12,651.04,11.5,8.33,0.00,8.33,Low
1660ad786c27fd935378b6192a90b417,12,1570.0,8.8,8.33,0.00,8.33,Low
e8f6dc8e6a1dcde89d20e3995c8d90b3,36,2256.34,12.8,8.33,0.00,8.33,Low
bf84056e679dbe9c69929847a40e338f,36,2024.04,12.5,8.33,0.00,8.33,Low
0887a9f087bcd5d9f6642b52f897fc6c,12,1642.0,14.3,8.33,0.00,8.33,Low
d93844a9c55ba7ce353388bcf849ea56,12,2708.5,16.8,8.33,0.00,8.33,Low
40db9e9aa57f7bb151bcda6b0f9bdbb7,12,23168.0,14.7,8.33,0.00,8.33,Low
8476243f92442881ddd5b578975cf115,12,7838.0,17.3,8.33,0.00,8.33,Low
5d9dc90a686a8fddacffab6bab5653a3,12,3761.94,8.6,8.33,0.00,8.33,Low
6b333a05bf188ef3e1f1662a86bd9855,12,3990.91,10.8,8.33,0.00,8.33,Low
0432ead42b6c8a0bdf68154add917fdf,85,7792.1,8.8,3.53,2.35,8.23,Low
004c9cd9d87a3c30c522c48c4fc07416,158,19712.71,14.8,8.23,0.00,8.23,Low
41b39e28db005d9731d9d485a83b4c38,195,17112.55,12.3,6.15,1.03,8.21,Low
aced59e9b31ef866a94f9e7f29d8d418,61,7268.5,9.6,8.20,0.00,8.20,Low
729b2d09b2a0bdab221076327f13d050,49,1822.11,12.5,8.16,0.00,8.16,Low
9674754b5a0cb32b638cec001178f799,86,5069.92,8.3,3.49,2.33,8.15,Low
7142540dd4c91e2237acb7e911c4eba2,319,37373.56,14.7,8.15,0.00,8.15,Low
715bbd5ba4e6b74cb0d2f29eb45058b0,62,4043.3,11.8,8.06,0.00,8.06,Low
bd0389da23d89b726abf911cccc54596,87,7472.16,13.5,8.05,0.00,8.05,Low
0afccdb8a34ee5c79f7c06faf2b4d56e,25,1225.5,13.5,8.00,0.00,8.00,Low
ed4311e67debd72b8610a5347a743087,25,3636.0,7.6,8.00,0.00,8.00,Low
17a053fcb14bd219540cbde0df490be0,125,40703.14,12.2,8.00,0.00,8.00,Low
4c18691b6037662be2df78a765d98ab5,63,3195.52,9.2,7.94,0.00,7.94,Low
cce6ab8d1682639fe45ab70234f1665f,63,2522.7,15.3,4.76,1.59,7.94,Low
92eb0f42c21942b6552362b9b114707d,341,6548.63,13.7,7.92,0.00,7.92,Low
ceaec5548eefc6e23e6607c5435102e7,203,52917.18,13.0,5.91,0.99,7.89,Low
2ff97219cb8622eaf3cd89b7d9c09824,89,4476.9,8.9,5.62,1.12,7.86,Low
edb1ef5e36e0c8cd84eb3c9b003e486d,166,79284.55,11.8,7.83,0.00,7.83,Low
951e8cef368f09bb3f3d03c00ca4702c,64,4092.29,9.4,7.81,0.00,7.81,Low
3c7c4a49ec3c6550809089c6a2ca9370,141,4033.64,9.5,7.80,0.00,7.80,Low
4b9750c8ad28220fe6702d4ecb7c898f,218,15915.3,9.4,7.80,0.00,7.80,Low
2e1c9f22be269ef4643f826c9e650a52,167,12687.68,9.7,6.59,0.60,7.79,Low
8f119a0aee85c0c8fc534629734e94fd,77,3733.68,10.0,5.19,1.30,7.79,Low
955fee9216a65b617aa5c0531780ce60,1287,135171.7,10.7,7.61,0.08,7.77,Low
7e93a43ef30c4f03f38b393420bc753a,336,176431.87,11.3,5.36,1.19,7.74,Low
272f092de69afedd4d2969440b37f18f,26,1935.33,10.2,0.00,3.85,7.70,Low
caa9bc43a9fe8cf9c564ddd8a03cc4a6,13,803.87,9.5,7.69,0.00,7.69,Low
55a5b51f93f2b70ea513f5a047b0262a,39,4002.3,13.7,7.69,0.00,7.69,Low
ccf8813e5a7d6c84d865cd38bfc2b130,26,2635.5,11.3,7.69,0.00,7.69,Low
a8739afb32aaa45e01815ca76f76f54b,13,298.83,9.5,7.69,0.00,7.69,Low
f61c63d13f7cd800549d5acdd390ae72,26,3072.3,11.7,7.69,0.00,7.69,Low
f7496d659ca9fdaf323c0aae84176632,26,5087.57,12.4,7.69,0.00,7.69,Low
e24fc9fcd865784fb25705606fe3dfe7,52,12936.0,12.5,7.69,0.00,7.69,Low
2a7dc43cecabf23403078e2188437d1d,52,4795.91,13.0,7.69,0.00,7.69,Low
9d7a1d34a5052409006425275ba1c2b4,13,1054.82,14.2,7.69,0.00,7.69,Low
0ac4201fda2c68ebc0e47cb9423cf3c9,13,1676.88,12.5,7.69,0.00,7.69,Low
373ee4a3a775a733770ca3f790b8b9ac,13,2141.49,9.8,7.69,0.00,7.69,Low
8f78f0903005064036736c7173a5c2ed,13,2113.7,17.3,7.69,0.00,7.69,Low
6e864f5c4669eff3d98140a07cc50202,13,740.59,9.8,7.69,0.00,7.69,Low
8629c241b3622ac12cd4118afdc8d394,13,1167.66,15.0,7.69,0.00,7.69,Low
6a8a889bde935bafa76d7848782dfaf9,26,860.82,7.8,7.69,0.00,7.69,Low
42b729f859728f5079499127a9c2ef37,104,4118.86,7.8,7.69,0.00,7.69,Low
b8555308bfdb4ca1ed54325a58da9a97,26,3047.2,10.2,7.69,0.00,7.69,Low
b94cc9f10ddc85e4ba73a6f7974e7101,39,25346.1,10.5,7.69,0.00,7.69,Low
d101c6da914ae3d53f7bee42283f2fe2,13,1297.4,13.4,7.69,0.00,7.69,Low
8090490573c6c0aa343a7231ebcb8c86,26,3871.12,10.0,7.69,0.00,7.69,Low
da8622b14eb17ae2831f4ac5b9dab84a,1314,160236.57,11.1,7.61,0.00,7.61,Low
624f4ece8da4aafb77699233d480f8ef,53,9205.0,13.5,7.55,0.00,7.55,Low
daeb5653dd96c1b11860f72209795012,40,2305.9,11.6,7.50,0.00,7.50,Low
46dc3b2cc0980fb8ec44634e21d2718e,521,128111.19,11.9,6.33,0.58,7.49,Low
ccc4bbb5f32a6ab2b7066a4130f114e3,187,74004.62,15.8,7.49,0.00,7.49,Low
f45122a9ab94eb4f3f8953578bc0c560,187,22078.29,12.7,7.49,0.00,7.49,Low
5656537e588803a555b8eb41f07a944b,174,8065.93,11.2,7.47,0.00,7.47,Low
e9779976487b77c6d4ac45f75ec7afe9,657,43162.95,9.8,7.15,0.15,7.45,Low
25e6ffe976bd75618accfe16cefcbd0d,108,11691.61,10.1,5.56,0.93,7.42,Low
f214d28e8d8e3ef068748498ccc2f813,54,2212.41,10.4,7.41,0.00,7.41,Low
70eea00b476a314817cefde4aad4f89a,108,31994.65,13.3,7.41,0.00,7.41,Low
575df70bde3f9f2b30bf8d2e9910d725,27,5410.05,13.4,7.41,0.00,7.41,Low
1bb2bdb95f4841f1bba2c0d2cd83d3c9,81,5002.71,12.4,7.41,0.00,7.41,Low
d66c305afaec317ebee552073a674429,41,4886.46,9.8,2.44,2.44,7.32,Low
43f8c9950d11ecd03a0304a49e010da6,41,4249.59,11.4,7.32,0.00,7.32,Low
66922902710d126a0e7d26b0e3805106,151,14362.3,11.2,7.28,0.00,7.28,Low
48436dade18ac8b2bce089ec2a041202,138,12271.71,14.3,7.25,0.00,7.25,Low
5a8e7d5003a1f221f9e1d6e411de7c23,139,11171.9,10.2,5.76,0.72,7.20,Low
c8b0e2b0a7095e5d8219575d5e7e1181,84,12170.21,10.1,7.14,0.00,7.14,Low
ad420dd0c4f92f8af951ac24b86d0cf5,42,4705.29,15.0,7.14,0.00,7.14,Low
0747d5bb69f0586cc869d8af4c50f93e,14,346.6,14.2,7.14,0.00,7.14,Low
4559697a8f7e637227c2eeaed843baff,42,3696.0,12.9,7.14,0.00,7.14,Low
b6e1504972665f739dec4facb9943775,14,1484.48,11.0,7.14,0.00,7.14,Low
e7d5b006eb624f13074497221eb37807,28,3478.93,11.0,7.14,0.00,7.14,Low
5a05a16bb50629ee31afab8a6d4c2674,14,794.3,7.0,7.14,0.00,7.14,Low
c89cf7c468a48af70aada384e722f9e2,14,745.0,14.1,7.14,0.00,7.14,Low
7c1fea10b5b006671d608b1d7c446ec4,14,423.6,16.4,7.14,0.00,7.14,Low
7ea5bfa6c340f58f8e71fc1f0412b0d6,98,11002.89,12.9,7.14,0.00,7.14,Low
5882820ef11c4c068eea0677a7a879b4,14,9925.5,14.9,7.14,0.00,7.14,Low
9bcdfa7b615b3abb9461d9e3ad9886ae,14,2126.07,12.8,7.14,0.00,7.14,Low
8a130737016f838139d31878787a39c9,56,4222.03,10.1,7.14,0.00,7.14,Low
1987cd4be10fe09ee50454f9c354d1c6,14,2877.7,15.3,7.14,0.00,7.14,Low
4de6e4ba574aa9dfdc824bc44dc47fdd,14,451.1,9.1,7.14,0.00,7.14,Low
c013e57c075a06e5b5c48ee03c525719,42,1971.55,9.2,7.14,0.00,7.14,Low
df560393f3a51e74553ab94004ba5c87,28,3661.18,18.5,7.14,0.00,7.14,Low
980640c45d7a4635885491d077167e4d,14,1004.29,7.5,7.14,0.00,7.14,Low
4a1f694197d05fe70026b016a7316b41,14,907.77,9.0,7.14,0.00,7.14,Low
b9ca8e8baa5d4aa038394a700f63e69f,14,1289.77,9.6,7.14,0.00,7.14,Low
d2e753bb80b7d4faa77483ed00edc8ca,14,1320.7,13.0,7.14,0.00,7.14,Low
d50d79cb34e38265a8649c383dcffd48,70,13012.42,13.2,7.14,0.00,7.14,Low
c273175f7c6c80fb02f051e2fc6d0d72,14,1188.23,10.6,7.14,0.00,7.14,Low
e48cc16ab70bfa09e1401740dce0b3d7,14,1084.83,14.7,7.14,0.00,7.14,Low
6560211a19b47992c3666cc44a7e94c0,1854,123304.83,9.6,6.31,0.38,7.07,Low
ca3bd7cd9f149df75950150d010fe4a2,71,9731.85,13.6,4.23,1.41,7.05,Low
4992e76a42cb3aad7a7047e0d3d7e729,57,2211.1,7.6,7.02,0.00,7.02,Low
9add47bf45ce8e8c7db6b9cf670b1e09,43,4829.24,12.2,2.33,2.33,6.99,Low
cc419e0650a3c5ba77189a1882b7556a,1706,104288.42,11.5,5.92,0.53,6.98,Low
5f3ae9136c875522250f8184f253413a,43,1158.0,7.8,6.98,0.00,6.98,Low
25c5c91f63607446a97b143d2d535d31,158,54679.22,14.4,6.96,0.00,6.96,Low
640e21a7d01df7614a3b4923e990d40c,116,7598.88,10.2,6.90,0.00,6.90,Low
d4e12e7884759a14fa0f5f896c791cae,29,1400.0,8.2,6.90,0.00,6.90,Low
271c58a1d139c45eaf3316107c6d3a3b,29,3897.52,13.1,6.90,0.00,6.90,Low
6d803cb79cc31c41c4c789a75933b3c7,58,8711.4,13.1,6.90,0.00,6.90,Low
e06f09ec0a4aca210779cf1cfc63cf19,29,5279.49,14.8,6.90,0.00,6.90,Low
8b2492b7ff4468839593fafeed55bad9,29,3660.08,12.4,6.90,0.00,6.90,Low
8931a84a914b3fe9b1ddaa4d704947ca,29,4668.3,11.9,6.90,0.00,6.90,Low
17306570e772e7718c92a562d33f5f1d,29,9669.8,14.4,6.90,0.00,6.90,Low
3361277dc30b7cccdb0c286b24219756,29,3905.05,13.3,6.90,0.00,6.90,Low
73a63f72308aa20a46f4b1632018f196,29,9606.8,11.6,0.00,3.45,6.90,Low
1554a68530182680ad5c8b042c3ab563,247,29052.53,14.2,6.88,0.00,6.88,Low
fa40cc5b934574b62717c68f3d678b6d,307,16055.87,11.3,6.19,0.33,6.85,Low
2138ccb85b11a4ec1e37afbd1c8eda1f,396,12357.03,11.3,5.30,0.76,6.82,Low
5dceca129747e92ff8ef7a997dc4f8ca,325,112155.53,11.6,6.15,0.31,6.77,Low
08633c14ef2db992c11f840f04fad4cd,74,7644.3,9.9,6.76,0.00,6.76,Low
0509040ea3fe50071181bbc359eb7738,89,3737.95,11.5,6.74,0.00,6.74,Low
3b15288545f8928d3e65a8f949a28291,104,14061.79,14.4,6.73,0.00,6.73,Low
6edacfd9f9074789dad6d62ba7950b9c,208,13147.1,9.1,5.77,0.48,6.73,Low
bd23da7354813347129d751591d1a6e2,89,10544.3,9.8,4.49,1.12,6.73,Low
f80edd2c5aaa505cc4b0a3b219abf4b8,119,9108.2,12.0,5.04,0.84,6.72,Low
2a84855fd20af891be03bc5924d2b453,164,15819.1,8.5,3.05,1.83,6.71,Low
7238a95bb63ef7e498389fb863b834a1,15,2265.7,7.8,6.67,0.00,6.67,Low
d650b663c3b5f6fb392b6326366efa9a,60,19242.9,9.7,6.67,0.00,6.67,Low
76ea5315acb3f5f7ade3cd261faf922a,15,1087.06,8.6,6.67,0.00,6.67,Low
8f54d64f28a993550aa7943f12572959,15,2755.5,14.0,6.67,0.00,6.67,Low
2a6fbeaa7ab9e5d59a35841a8da71ce4,30,1632.79,14.4,6.67,0.00,6.67,Low
f3c38ab652836d21de61fb8314b69182,15,1581.0,8.0,6.67,0.00,6.67,Low
a7f13822ceb966b076af67121f87b063,75,12477.64,22.8,6.67,0.00,6.67,Low
5a425cc503b39b262a847fd6212bf53b,15,1360.59,6.6,6.67,0.00,6.67,Low
87d3c3aeb3ead335511b3ce315eb341e,15,749.35,6.5,6.67,0.00,6.67,Low
ce616e1913288884e7742faac9d981db,15,365.1,6.8,6.67,0.00,6.67,Low
ed8cb7b190ceb6067227478e48cf8dde,15,573.5,7.3,6.67,0.00,6.67,Low
701938c450705b8ae65fc923b70f35c7,75,11983.28,13.0,6.67,0.00,6.67,Low
c003204e1ab016dfa150abc119207b24,197,25108.09,9.6,6.60,0.00,6.60,Low
3d871de0142ce09b7081e2b9d1733cb1,1080,94914.2,13.4,5.83,0.37,6.57,Low
4e17c65a516f69d023a2ae78b84f28d6,61,7639.26,13.3,6.56,0.00,6.56,Low
116ccb1a1604bc88e4d234a8c23f33de,61,2004.89,8.9,6.56,0.00,6.56,Low
058fd0aa2bfdb2274e05e1ae971dabb6,61,7667.9,10.1,6.56,0.00,6.56,Low
fdb9095204a334cd8872252ffec6f2db,46,8156.0,8.7,6.52,0.00,6.52,Low
d6b1ce66b035a475f00c017792ff9769,92,12277.4,10.1,6.52,0.00,6.52,Low
001cca7ae9ae17fb1caed9dfb1094831,200,25080.03,13.4,6.50,0.00,6.50,Low
dc4a0fc896dc34b0d5bfec8438291c80,231,24180.77,13.8,6.49,0.00,6.49,Low
7b07b3c7487f0ea825fc6df75abd658b,93,9731.85,9.6,4.30,1.08,6.46,Low
05d2173d43ea568aa0540eba70d2ca76,62,5759.66,14.9,6.45,0.00,6.45,Low
5f1dc28029d2c244352a68107ec2b542,62,2807.3,9.5,6.45,0.00,6.45,Low
fcb5ace8bcc92f75707dc0f01a27d269,62,8318.63,10.5,3.23,1.61,6.45,Low
1da3aeb70d7989d1e6d9b0e887f97c23,265,8823.52,8.5,5.66,0.38,6.42,Low
850f4f8af5ea87287ac68de36e29107f,187,45355.36,10.1,6.42,0.00,6.42,Low
a1043bafd471dff536d0c462352beb48,718,101901.16,13.6,5.57,0.42,6.41,Low
f4aba7c0bca51484c30ab7bdc34bcdd1,110,3009.79,11.1,6.36,0.00,6.36,Low
59fb871bf6f4522a87ba567b42dafecf,126,21708.57,12.0,6.35,0.00,6.35,Low
96493fab2fbb13a14d0c0e8772eef5c3,63,18969.0,13.4,6.35,0.00,6.35,Low
5b925e1d006e9476d738aa200751b73b,63,7748.5,10.8,6.35,0.00,6.35,Low
dbdd0ec73a4817971d962698f2fea022,16,6384.0,12.6,6.25,0.00,6.25,Low
8daab2245ebdc277c51098d01c5ad8ef,16,1604.59,9.9,6.25,0.00,6.25,Low
5b33b527da3c5b969cc99dc435cad09a,16,1872.79,12.6,6.25,0.00,6.25,Low
f97e2b0650c2068227e1d366140eb62f,16,3654.0,14.8,6.25,0.00,6.25,Low
04aba03279157f6d4e0fe8ccaf21963c,16,2575.9,11.5,6.25,0.00,6.25,Low
15cd6eefe58588619aaed41dfa6621b1,16,1622.74,15.0,6.25,0.00,6.25,Low
2be17df1c49978426251562096c3cc09,16,2165.0,12.3,6.25,0.00,6.25,Low
bb5bd94c8f59cc050072d2930c869cac,16,2543.87,14.7,6.25,0.00,6.25,Low
2528513dd95219a6013d4d05176e391a,161,32689.1,10.6,4.97,0.62,6.21,Low
01fdefa7697d26ad920e9e0346d4bd1b,129,14921.43,10.7,6.20,0.00,6.20,Low
1b4c3a6f53068f0b6944d2d005c9fc89,113,14760.3,14.5,6.19,0.00,6.19,Low
128639473a139ac0f3e5f5ade55873a5,533,11908.85,14.2,6.19,0.00,6.19,Low
d91fb3b7d041e83b64a00a3edfb37e4f,535,40889.74,11.2,6.17,0.00,6.17,Low
53e4c6e0f4312d4d2107a8c9cddf45cd,473,30148.95,12.0,5.29,0.42,6.13,Low
d2374cbcbb3ca4ab1086534108cc3ab7,524,21223.92,14.6,5.73,0.19,6.11,Low
8a32e327fe2c1b3511609d81aaf9f042,132,6429.01,8.9,3.03,1.52,6.07,Low
232a6014e7b10cba61c6c2b2ea6bb4b0,33,3919.87,13.7,6.06,0.00,6.06,Low
834f3294fba9f932f56edc879193f925,66,39907.5,14.2,6.06,0.00,6.06,Low
7a67c85e85bb2ce8582c35f2203ad736,1160,141745.53,11.2,5.86,0.09,6.04,Low
cca3071e3e9bb7d12640c9fbe2301306,712,64009.89,14.2,5.76,0.14,6.04,Low
6d66611d7c44cc30ce351abc49a68421,166,13593.4,11.9,6.02,0.00,6.02,Low
09f952a5f58d2285b0372551ae8f9b01,50,11821.5,13.2,6.00,0.00,6.00,Low
8cbac7e12637ed9cffa18c7875207478,67,2990.98,13.9,5.97,0.00,5.97,Low
da7039f29f90ce5b4846ffc0fcc93beb,17,1259.1,9.1,5.88,0.00,5.88,Low
bba3293d6f5d5af2f415e004e8b93ae3,17,11702.1,12.1,5.88,0.00,5.88,Low
e333046ce6517bd8bb510291d44f0130,68,7268.0,10.1,5.88,0.00,5.88,Low
79ebd9a61bac3eaf882805ed4ecfa12a,136,15092.79,15.3,5.88,0.00,5.88,Low
343e716476e3748b069f980efbaa294e,17,922.6,12.9,5.88,0.00,5.88,Low
d25aa0aaacb370e912f8cf6efeba38b3,17,2658.45,8.6,5.88,0.00,5.88,Low
8602a61d680a10a82cceeeda0d99ea3d,17,826.99,7.6,5.88,0.00,5.88,Low
c12b92bf1c350f3e6bf88d3596219c86,17,4808.78,10.7,5.88,0.00,5.88,Low
49067458c68f7701fd334ce326accbe0,17,1047.65,12.2,5.88,0.00,5.88,Low
48162d548f5b1b11b9d29d1e01f75a61,68,20510.14,11.6,2.94,1.47,5.88,Low
f1ed6bd0a9b11b581f16c851c6a5a527,17,1622.77,20.9,5.88,0.00,5.88,Low
e81e1f9c3e762e620f3fb60a51499e16,17,4465.99,25.4,5.88,0.00,5.88,Low
d06d019f72a04e5497a0b64190af170c,17,2415.93,8.3,5.88,0.00,5.88,Low
87d30a6a0cbf89356e49324971ab1d24,17,2134.13,11.2,5.88,0.00,5.88,Low
0241d4d5d36f10f80c644447315af0bd,238,31397.7,10.9,5.88,0.00,5.88,Low
63ffcb71394dd8ea3872ed9ffda17c74,17,399.0,13.2,5.88,0.00,5.88,Low
dbd66278cbfe1aa1000f90a217ca4695,85,4928.9,9.1,5.88,0.00,5.88,Low
36a968b544695394e4e9d7572688598f,154,9482.87,10.7,4.55,0.65,5.85,Low
9b013e03b2ab786505a1d3b5c0756754,174,9027.4,8.5,5.75,0.00,5.75,Low
e49c26c3edfa46d227d5121a6b6e4d37,35,3654.25,11.6,0.00,2.86,5.72,Low
65febd49fd28ec955651299159b1f527,35,4319.7,6.6,5.71,0.00,5.71,Low
7202e2ba20579a9bd1acb29e61fe71f6,53,12750.5,13.3,5.66,0.00,5.66,Low
537eb890efff034a88679788b647c564,160,4679.7,9.1,5.63,0.00,5.63,Low
87142160b41353c4e5fca2360caf6f92,305,31095.98,10.9,5.57,0.00,5.57,Low
f4a04f7be452aa3bb31760bf00055dd0,18,1312.1,9.1,5.56,0.00,5.56,Low
30829ded4523ab9224b93bc49a62c95f,18,6911.71,12.1,5.56,0.00,5.56,Low
669ae81880e08f269a64487cfb287169,162,13248.87,12.2,4.32,0.62,5.56,Low
3a734b715d333a2588a3d54a0c9b8746,18,2463.52,12.2,5.56,0.00,5.56,Low
d354c38a7182125a748cb10474fe963b,18,1610.33,13.7,5.56,0.00,5.56,Low
c35672b10ad50968f567ea3f4b91e877,18,1150.57,11.5,5.56,0.00,5.56,Low
1fdc574883ef3b33ad41562d93f3a74a,18,4251.0,11.1,5.56,0.00,5.56,Low
d03698c2efd04a549382afa6623e27fb,18,8865.47,14.6,5.56,0.00,5.56,Low
1354d51653f645349064725ed204e85e,18,2410.0,9.6,5.56,0.00,5.56,Low
240b9776d844d37535668549a396af32,36,13592.08,11.3,5.56,0.00,5.56,Low
d9a84e1403de8da0c3aa531d6d108ba6,54,1425.2,7.5,5.56,0.00,5.56,Low
7a425d299613df3e613bcf9d2eaf5c49,18,1218.8,11.8,5.56,0.00,5.56,Low
b4f8921fcc4ff77b66bea6dda43dcd51,18,11395.05,7.7,5.56,0.00,5.56,Low
33c51922b6e3c16b24a8f28e5833c99d,18,6657.87,14.6,5.56,0.00,5.56,Low
fbc14c0cf93505ef89f64665ffa4a7b5,18,12227.82,11.9,5.56,0.00,5.56,Low
6aa3928696eab49a19a466e665a649fd,18,2075.0,8.8,5.56,0.00,5.56,Low
0c8380b62e38e8a1e6adbeba7eb9688c,182,17348.79,13.0,5.49,0.00,5.49,Low
81a1104df0f08b59c68aa5b03cfe398e,73,9420.88,12.8,5.48,0.00,5.48,Low
1c129092bf23f28a5930387c980c0dfc,201,9553.62,11.7,5.47,0.00,5.47,Low
dc317f341ab0e22f39acbd9dbf9b4a1f,55,18988.4,12.4,5.45,0.00,5.45,Low
63b464dbf392c7b80d12d932fa7cafed,37,6781.0,13.0,5.41,0.00,5.41,Low
f8db351d8c4c4c22c6835c19a46f01b0,667,50525.6,9.8,5.10,0.15,5.40,Low
1a3df491d1c4f1589fc2b934ada68bf2,167,23302.7,14.8,5.39,0.00,5.39,Low
dee656f0f566ed1aa85bd137c943f08f,93,6271.98,12.6,5.38,0.00,5.38,Low
7d456afc660226829370f3173d14520c,56,8338.25,8.4,5.36,0.00,5.36,Low
7299e27ed73d2ad986de7f7c77d919fa,338,34725.43,11.3,4.73,0.30,5.33,Low
f5b44895715ddfe3087dc414f30268f3,19,378.8,12.4,5.26,0.00,5.26,Low
52d76513f0c4d97f3b99570e2c94ee31,19,8153.1,10.4,5.26,0.00,5.26,Low
516e7738bd8f735ac19a010ee5450d8d,76,6643.09,8.8,5.26,0.00,5.26,Low
8a432f4e5b471f8da497d7dc517666e2,95,7555.0,7.8,5.26,0.00,5.26,Low
dfc475d54e1b6dbeeb7d7d9bdaa63827,19,1793.76,12.9,5.26,0.00,5.26,Low
6b536a23086fba0d58c08d68814397f6,19,2068.8,12.0,5.26,0.00,5.26,Low
e84ad2127668df3aafc6b73531a0beb8,19,987.0,10.5,5.26,0.00,5.26,Low
ba90964cff9b9e0e6f32b23b82465f7b,38,44212.5,10.0,5.26,0.00,5.26,Low
e24d3429d294b2eb200b064ebb035879,19,1878.58,7.5,5.26,0.00,5.26,Low
d9442042130b7fe579d1295f9f4a248f,19,772.16,10.7,5.26,0.00,5.26,Low
eb5b6204dde3a6e03b5f1bb8479f055b,19,452.2,10.4,5.26,0.00,5.26,Low
e5475dcab1e07b63d7f6e902d8f5eda8,19,2192.0,9.5,5.26,0.00,5.26,Low
4d6d651bd7684af3fffabd5f08d12e5a,369,43587.4,13.0,4.61,0.27,5.15,Low
670c26e0f1bf8d0576271d5cfaec6d2b,78,6341.6,14.2,5.13,0.00,5.13,Low
1f9ab4708f3056ede07124aad39a2554,78,13602.73,14.5,5.13,0.00,5.13,Low
bfd27a966d91cfaafdb25d076585f0da,117,19921.0,12.4,5.13,0.00,5.13,Low
113e3a788b935f48aad63e1c41dac1bd,39,847.35,13.2,5.13,0.00,5.13,Low
3bdff180c7e1f6551a643b99c265a120,59,3114.9,10.0,5.08,0.00,5.08,Low
05ff92fedb5be47920fea08e501238b9,59,21992.78,12.3,5.08,0.00,5.08,Low
282f23a9769b2690c5dda22e316f9941,99,6505.08,11.1,5.05,0.00,5.05,Low
9f505651f4a6abe901a56cdc21508025,397,26361.82,8.0,5.04,0.00,5.04,Low
813348c996469b40f2e028d5429d3495,179,11205.83,10.1,5.03,0.00,5.03,Low
83deb69e889cf80f82be1dc6d5f2d486,40,5363.01,16.0,5.00,0.00,5.00,Low
4342d4b2ba6b161468c63a7e7cfce593,20,2867.1,15.5,5.00,0.00,5.00,Low
b56906f7fd1696e043f1bcce164c487b,40,2148.49,12.8,5.00,0.00,5.00,Low
430315b7bb4b6e4b3c978f9dfa9b0558,20,3118.4,13.4,5.00,0.00,5.00,Low
1fe5540d7c1c37a595fefbacd5570d9e,20,4537.6,11.8,5.00,0.00,5.00,Low
562fc2f2c2863ab7e79a9e4388a58a14,260,8814.2,11.2,3.46,0.77,5.00,Low
b494891378bd8f4560abe576c52deacd,20,2958.9,5.4,5.00,0.00,5.00,Low
f7720c4fa8e3aba4546301ab80ea1f1b,60,2083.45,10.9,5.00,0.00,5.00,Low
542917da124346b47ea1ac79a93ce454,20,1303.9,11.5,5.00,0.00,5.00,Low
20d83f3ef0e6925fd74bfd59170babf7,40,2903.6,9.0,5.00,0.00,5.00,Low
7178f9f4dd81dcef02f62acdf8151e01,203,37070.4,15.6,4.93,0.00,4.93,Low
0c7533c71df861ec58ad7ff999ed0e8d,61,2989.3,10.7,4.92,0.00,4.92,Low
01cf7e3d21494c41fb86034f2e714fa1,61,9729.36,11.8,4.92,0.00,4.92,Low
1e8b33f18b4f7598d87f5cbee2282cc2,123,17309.06,7.7,4.88,0.00,4.88,Low
4e7c18b98d84e05cbae3ff0ff03846c2,82,9177.9,12.1,4.88,0.00,4.88,Low
7dc8c42cc750eeafea6c85712ffee9bf,41,6409.68,9.1,4.88,0.00,4.88,Low
00fc707aaaad2d31347cf883cd2dfe10,103,12684.9,15.0,4.85,0.00,4.85,Low
e63e8bfa530fb16910dd6956e592bb81,42,1311.7,9.2,4.76,0.00,4.76,Low
412a4720f3e9431b4afa1476a1acddbe,21,2058.1,10.4,4.76,0.00,4.76,Low
af3ef48d0e13835e529c29ac573c63e5,21,1405.63,8.0,4.76,0.00,4.76,Low
1d4587203296c8f4ad134dc286fa6db0,42,2323.3,9.3,4.76,0.00,4.76,Low
808d4348b916efa08e766ebad39f61eb,21,731.1,7.9,4.76,0.00,4.76,Low
7008613ea464bad5cb9b83456e1e6a8f,127,7777.0,14.5,4.72,0.00,4.72,Low
a3a38f4affed601eb87a97788c949667,254,26533.32,12.5,4.72,0.00,4.72,Low
1838dd9b8977065acf51d95e0053ea7a,64,2820.3,12.7,4.69,0.00,4.69,Low
e0a366315b1b726b6c7832d664c0f530,43,7400.09,7.9,4.65,0.00,4.65,Low
aafe36600ce604f205b86b5084d3d767,129,9251.4,12.5,4.65,0.00,4.65,Low
31344c16881c08a8a72c6d2eb29918c1,43,9615.7,15.7,4.65,0.00,4.65,Low
e8b3a3a38279a82f0e5d006d5e5b7d2c,87,13154.7,17.2,4.60,0.00,4.60,Low
febab0275244b9a49a623f0bd613ca2f,109,7272.42,8.6,4.59,0.00,4.59,Low
b39d7fe263ef469605dbb32608aee0af,44,5193.1,13.2,4.55,0.00,4.55,Low
4200ddf1967c5e41e48db62bc6d4b5ac,22,734.8,10.2,4.55,0.00,4.55,Low
6288c69c4ce638e59925e59193f98b16,22,4506.28,9.6,4.55,0.00,4.55,Low
9596c870880d900012f2e8e6e30d06d7,22,8606.25,13.7,4.55,0.00,4.55,Low
0d33a55da925bbf1ff02af5f6059fc7f,22,547.3,8.3,4.55,0.00,4.55,Low
093805f8f2aeb63881444571e1f48f30,22,1215.79,8.2,4.55,0.00,4.55,Low
df56d7b40d437f88407c5f78b63bc328,22,2791.28,12.5,4.55,0.00,4.55,Low
f0837c8d71434931d9e38e7b79234797,22,3446.9,11.7,4.55,0.00,4.55,Low
8fdca8e349553f99bc738833a62c8802,22,989.34,10.6,4.55,0.00,4.55,Low
5670f4db5b62c43d542e1b2d56b0cf7c,22,6630.09,8.6,4.55,0.00,4.55,Low
730937bf88cb151eb2eb849f642fc213,22,2821.2,6.3,4.55,0.00,4.55,Low
7c5b05cbdb5542049f38d90d7815b97d,22,1038.96,7.4,4.55,0.00,4.55,Low
f789d2c4f2c2eb38fc4373e7a4b35264,44,4864.24,10.9,4.55,0.00,4.55,Low
86ccac0b835037332a596a33b6949ee1,180,16619.93,12.0,3.33,0.56,4.45,Low
c66dccfb3f109511246da627dd5a2498,45,12708.55,11.3,4.44,0.00,4.44,Low
abcd2cb37d46c2c8fb1bf071c859fc5b,45,4880.22,13.9,4.44,0.00,4.44,Low
b32be1695eb7ec5f10f72d9610a12527,45,26874.0,12.2,4.44,0.00,4.44,Low
dbc22125167c298ef99da25668e1011f,406,33776.78,11.4,2.46,0.99,4.44,Low
870d0118f7a9d85960f29ad89d5d989a,45,3157.2,14.4,4.44,0.00,4.44,Low
6b90f847357d8981edd79a1eb1bf0acb,45,3322.08,5.5,4.44,0.00,4.44,Low
de722cd6dad950a92b7d4f82673f8833,339,55426.1,12.6,4.42,0.00,4.42,Low
710e3548e02bc1d2831dfc4f1b5b14d4,136,23979.11,14.4,4.41,0.00,4.41,Low
94144541854e298c2d976cb893b81343,68,17286.28,12.9,4.41,0.00,4.41,Low
c33847515fa6305ce6feb1e818569f13,114,15519.85,9.2,4.39,0.00,4.39,Low
6426d21aca402a131fc0a5d0960a3c90,23,1209.64,11.0,4.35,0.00,4.35,Low
10076e5788b8ee532724bcd460baf762,23,821.48,10.0,4.35,0.00,4.35,Low
d624126b9206f595fb3fbb6ba03b28a8,23,7198.8,11.3,4.35,0.00,4.35,Low
4b5f66b7adcf57f1ecc0d3c07dd6b177,23,6381.78,14.1,4.35,0.00,4.35,Low
381c83fdca332ea6afd896da20bf6e4a,46,7355.8,12.6,4.35,0.00,4.35,Low
53243585a1d6dc2643021fd1853d8905,358,222776.05,13.3,4.19,0.00,4.19,Low
9de4643a8dbde634fe55621059d92273,72,17560.34,14.6,4.17,0.00,4.17,Low
a938325a4b357fd23a6a4d5bb126408e,24,3231.0,13.1,4.17,0.00,4.17,Low
cea729054f157f5870bdd321a958d994,24,2482.1,7.1,4.17,0.00,4.17,Low
a3f0b55de503387383c7b1de3ad7f678,24,4348.4,10.7,4.17,0.00,4.17,Low
9d4db00d65d7760644ac0c14edb5fd86,98,9979.7,8.0,4.08,0.00,4.08,Low
138dbe45fc62f1e244378131a6801526,49,1125.56,6.4,4.08,0.00,4.08,Low
80e6699fe29150b372a0c8a1ebf7dcc8,98,11441.56,11.5,4.08,0.00,4.08,Low
9e6229250fedbe05838fef417b74e7fb,74,13132.2,11.8,4.05,0.00,4.05,Low
080102cd0a76b09e0dcf55fcacc60e05,124,5716.78,9.8,4.03,0.00,4.03,Low
2199e7fe213c16213bf5d6a7eadc9a5d,25,4078.29,10.8,4.00,0.00,4.00,Low
25cf099de44674fde97473224f9d59ab,50,1654.36,9.3,4.00,0.00,4.00,Low
d94a40fd42351c259927028d163af842,101,13823.8,13.9,3.96,0.00,3.96,Low
85d9eb9ddc5d00ca9336a2219c97bb13,509,15415.24,14.6,3.54,0.20,3.94,Low
dfa0c4c6229ab200a4a1336b4d7128ff,77,4777.1,9.7,3.90,0.00,3.90,Low
4bfc7a4a1cf8d4d2121c27422d9e50b5,26,8124.4,8.0,3.85,0.00,3.85,Low
e883aa812c37a7413226856f4579fe91,26,4097.1,9.9,3.85,0.00,3.85,Low
6b243f80ed07b10f0e8aa0f21a205f3c,79,6260.1,11.1,3.80,0.00,3.80,Low
0db783cfcd3b73998abc6e10e59a102f,132,9077.4,11.6,3.79,0.00,3.79,Low
dbb9b48c841a0e39e21f98e1a6b2ec3e,108,7186.85,9.8,3.70,0.00,3.70,Low
5f5b43b2bffa8656e4bc6efeb13cc649,27,3677.2,14.0,3.70,0.00,3.70,Low
cc3d14116804f7209f3884f6367f1152,27,5477.8,12.8,3.70,0.00,3.70,Low
95ec4458365c4d11f452ccf538377619,27,1866.76,6.2,3.70,0.00,3.70,Low
5b67882648febfb6e1225e6ad7164f6b,27,6813.48,12.4,3.70,0.00,3.70,Low
750303a20e9c56b2a6bc45cdce0b897d,54,8085.0,14.0,3.70,0.00,3.70,Low
cac876b37d3abcd6bd76caca30277996,27,2229.77,9.8,3.70,0.00,3.70,Low
0b90b6df587eb83608a64ea8b390cf07,164,28592.32,14.4,3.66,0.00,3.66,Low
db4350fd57ae30082dec7acbaacc17f9,137,3331.31,10.8,3.65,0.00,3.65,Low
062ce95fa2ad4dfaedfc79260130565f,55,7521.0,13.6,3.64,0.00,3.64,Low
6c177e38df6d3f34182b1f1d427231bf,55,8341.89,14.4,3.64,0.00,3.64,Low
eeb6de78f79159600292e314a77cbd18,83,43739.84,12.2,3.61,0.00,3.61,Low
6061155addc1e54b4cfb51c1c2a32ad8,28,15633.4,5.7,3.57,0.00,3.57,Low
0885aaf116795758dfeb5f1032487bcd,28,2648.0,5.9,3.57,0.00,3.57,Low
1771297ac436903d1dd6b0e9279aa505,28,2881.27,9.5,3.57,0.00,3.57,Low
ffc470761de7d0232558ba5e786e57b7,28,1649.01,9.6,3.57,0.00,3.57,Low
d379f449f2a3b271bc01c0782020f705,28,4423.06,13.3,3.57,0.00,3.57,Low
ebd2d60905fb58271facef5596b620d3,84,7941.72,12.9,3.57,0.00,3.57,Low
1c68394e931a64f90ea236c5ea590300,142,24832.75,16.0,3.52,0.00,3.52,Low
376a891762bbdecbc02b4b6adec3fdda,57,6406.23,12.1,3.51,0.00,3.51,Low
6c7d50c24b3ccd2fd83b44d8bb34e073,114,8699.34,12.2,1.75,0.88,3.51,Low
e26901d5ab434ce92fd9b5c256820a4e,202,11990.9,9.3,2.48,0.50,3.48,Low
44073f8b7e41514de3b7815dd0237f4f,144,18729.64,13.1,3.47,0.00,3.47,Low
0df3984f9dfb3d49ac6366acbd3bbb85,87,10021.49,9.5,1.15,1.15,3.45,Low
c864036feaab8c1659f65ea4faebe1da,58,10454.2,12.3,3.45,0.00,3.45,Low
1464afc72f696af775557a821c2e253f,29,1059.36,11.5,3.45,0.00,3.45,Low
817245bcc3badd82bbd222e0366951a6,29,5580.5,12.4,3.45,0.00,3.45,Low
4bf2f4ee540798a61f9636d12cd9cc80,29,4995.56,13.4,3.45,0.00,3.45,Low
4ebdc7e6cd6102a022dadc49156d4ea8,29,928.7,10.0,3.45,0.00,3.45,Low
95e03ca3d4146e4011985981aeb959b9,175,11009.96,12.4,3.43,0.00,3.43,Low
c6bda72e4dbf5c5866b13cb1810c6d03,59,14059.38,10.1,3.39,0.00,3.39,Low
5cf13accae3222c70a9cac40818ae839,149,14383.2,10.6,3.36,0.00,3.36,Low
02f5837340d7eb4f653d676c7256523a,30,3883.05,9.6,3.33,0.00,3.33,Low
709e16e2b25c7474d980076c6bfc4806,60,5151.9,10.5,3.33,0.00,3.33,Low
3c487ae8f8d7542beff5788e2e0aea83,30,9385.7,13.6,3.33,0.00,3.33,Low
1b938a7ec6ac5061a66a3766e0e75f90,30,3987.6,11.3,3.33,0.00,3.33,Low
c8b3445d737de6befde0c88ede534a5e,30,3149.04,11.5,3.33,0.00,3.33,Low
0bb738e4d789e63e2267697c42d35a2d,30,2388.3,11.9,3.33,0.00,3.33,Low
d57e18d5f73c7ccb7f7339b61166898d,61,3187.7,9.1,3.28,0.00,3.28,Low
33576ec5412fb5905d876f12f33bfde6,31,2718.0,14.7,3.23,0.00,3.23,Low
5d3bb11474a06bdc23fb9e89f1164ee0,31,3654.6,9.7,3.23,0.00,3.23,Low
4e06067cc08b3f41d837768d392c3ee3,31,941.72,10.4,3.23,0.00,3.23,Low
18e694e0e48ed6f7aa3f24aade5fd697,31,701.54,5.9,3.23,0.00,3.23,Low
01fd077212124329bac32490e8ef80d9,31,1208.0,8.0,3.23,0.00,3.23,Low
b92e3c8f9738272ff7c59e111e108d7c,62,8231.09,16.7,3.23,0.00,3.23,Low
f00e21b1e91a79653163b7fd8f293ff1,31,3900.09,13.0,3.23,0.00,3.23,Low
72c5da29406b4234927b81855e7b64f6,31,11798.69,10.7,3.23,0.00,3.23,Low
ff063b022a9a0aab91bad2c9088760b7,94,12076.5,9.3,3.19,0.00,3.19,Low
520b493b57809f446cb0a233bb3e25c7,63,3698.9,7.7,3.17,0.00,3.17,Low
91f848e9f4be368f4318775aac733370,63,5932.6,10.0,3.17,0.00,3.17,Low
b76dba6c951ab00dc4edf0a1aa88037e,159,2574.78,10.4,3.14,0.00,3.14,Low
fad44952713764836814be105382aee5,32,5129.0,10.7,3.13,0.00,3.13,Low
3c4e0452bff7a2a788179488d3d77032,32,3746.4,13.8,3.13,0.00,3.13,Low
ed4acab38528488b65a9a9c603ff024a,32,12759.45,9.8,3.13,0.00,3.13,Low
6481e96574816ead57975da2c0f6d80d,32,3324.9,6.9,3.13,0.00,3.13,Low
76d64c4aca3a7baf218bf93ef7fa768d,64,16911.8,10.9,3.13,0.00,3.13,Low
ea67327e24487bdfac5fbfa37ea124df,32,6250.18,8.7,3.13,0.00,3.13,Low
d566c37fa119d5e66c4e9052e83ee4ea,65,5145.7,5.7,3.08,0.00,3.08,Low
5c243662ce92d84573bfaff24c3e3700,98,32862.02,10.9,3.06,0.00,3.06,Low
b839e41795b7f3ad94cc2014a52f6796,33,42829.0,6.6,3.03,0.00,3.03,Low
cc5a78bbad32776dc4e3af205218368c,33,4269.18,8.1,3.03,0.00,3.03,Low
dfc5fb7259bb2b599ca565e6e9448f0f,33,6124.63,13.2,3.03,0.00,3.03,Low
8bd0f31cf0a614c658f6763bd02dea69,33,4455.34,10.0,3.03,0.00,3.03,Low
974cf2cb8f4b7add98709c30df02fe10,33,2982.67,11.2,3.03,0.00,3.03,Low
7722b1df1b0e383e000397b2c11e3e19,134,7094.09,8.3,2.99,0.00,2.99,Low
12b9676b00f60f3b700e83af21824c0e,135,26774.0,15.0,1.48,0.74,2.96,Low
066a6914e1ebf3ea95a216c73a986b91,68,9410.38,13.3,2.94,0.00,2.94,Low
a3dd39f583bc80bd8c5901c95878921e,34,4607.81,12.3,2.94,0.00,2.94,Low
ac3508719a1d8f5b7614b798f70af136,103,12775.84,9.3,2.91,0.00,2.91,Low
bf3c6d2a28b2b5501e6c15448982dcc9,35,3956.5,11.7,2.86,0.00,2.86,Low
aaed1309374718fdd995ee4c58c9dfcd,105,9376.95,12.2,2.86,0.00,2.86,Low
fde0cc9ea29c8ccfc0a2c22256a58c71,35,3922.0,8.7,2.86,0.00,2.86,Low
30a2f535bb48308f991d0b9ad4a8c4bb,71,4731.3,8.2,2.82,0.00,2.82,Low
31561f325664a8a7aba4c8d0c3a9b3db,36,2702.19,7.3,2.78,0.00,2.78,Low
3586b8580d9c917874e053a1bb37b5ff,36,1524.7,13.5,2.78,0.00,2.78,Low
594f9aaa48e5bf431f011ddc5669b0d5,37,3248.8,7.6,2.70,0.00,2.70,Low
66dc1b1632bd6a3e508510c5b3492107,37,3721.39,10.2,2.70,0.00,2.70,Low
966cb4760537b1404caedd472cc610a5,75,51286.05,10.0,2.67,0.00,2.67,Low
7f7b8245c336066a1f9933c359f11d77,38,2094.36,8.2,2.63,0.00,2.63,Low
96804ea39d96eb908e7c3afdb671bb9e,38,3610.7,12.9,2.63,0.00,2.63,Low
17ca9b9e9b9ef8fdb529001b49ebb50f,116,9754.83,8.1,2.59,0.00,2.59,Low
37be5a7c751166fbc5f8ccba4119e043,272,55350.55,10.6,2.57,0.00,2.57,Low
d23019c84ffae2d5ef2270367b8605fc,39,29205.1,11.2,2.56,0.00,2.56,Low
5a93f3ab0ef4c84ed5e1b5dbf23978bc,39,2338.25,15.0,2.56,0.00,2.56,Low
080199a181c46c657dc5aa235411be3b,79,14504.2,8.0,2.53,0.00,2.53,Low
c3cfdc648177fdbbbb35635a37472c53,278,43048.18,9.7,2.52,0.00,2.52,Low
8bb48dc19fccaa8613b6229bf7f452a2,82,4190.72,11.5,2.44,0.00,2.44,Low
cab85505710c7cb9b720bceb52b01cee,206,11389.1,10.0,2.43,0.00,2.43,Low
d98eec89afa3380e14463da2aabaea72,168,6968.53,8.5,2.38,0.00,2.38,Low
3d8fa2f5b647373c8620330c4e077a9f,43,3571.73,9.0,2.33,0.00,2.33,Low
33a17d60c64393351ebf1ef860f4e0f2,43,8152.48,10.5,2.33,0.00,2.33,Low
3f995f07c49d0d55a99d5c54957f7d81,43,3955.7,9.5,2.33,0.00,2.33,Low
609e1a9a6c2539919b8205cf7c4e6ff0,87,6595.23,10.1,2.30,0.00,2.30,Low
b410bdd36d5db7a65dcd42b7ead933b8,44,7726.9,9.1,2.27,0.00,2.27,Low
58f1a6197ed863543e0136bdedb3fce2,44,6833.0,10.3,2.27,0.00,2.27,Low
bccf933e006e9b94a6184af782963e77,45,4162.74,11.6,2.22,0.00,2.22,Low
c68fb906c8f4b4b946d8386bfa6e5467,45,4541.16,10.9,2.22,0.00,2.22,Low
ce27a3cc3c8cc1ea79d11e561e9bebb6,135,10682.65,10.1,2.22,0.00,2.22,Low
f680f85bee2d253556ac91be391d2c82,45,5183.92,9.6,2.22,0.00,2.22,Low
b8bc237ba3788b23da09c0f1f3a3288c,45,13685.71,11.6,2.22,0.00,2.22,Low
06e5eefc71ec47ae763c5c6f8db7064f,92,22188.56,10.8,2.17,0.00,2.17,Low
259f7b5e6e482c230e5bfaa670b6bb8f,138,8526.04,8.7,2.17,0.00,2.17,Low
83e197e95a1bbabc8c75e883ed016c47,47,6693.69,10.5,2.13,0.00,2.13,Low
efcd8d2104f1a05d028af7bad20d974b,47,2424.78,10.0,2.13,0.00,2.13,Low
0691148aee60ca47977c187804f935ae,47,5868.51,11.9,2.13,0.00,2.13,Low
0ef83d7d83ed97cd2a0049ac8be5f88a,48,4421.01,9.5,2.08,0.00,2.08,Low
b4ffb71f0cb1b1c3d63fad021ecf93e1,144,6656.09,10.0,2.08,0.00,2.08,Low
4c03b9dd4c11ee2cb35c96c49efc9420,48,6458.6,10.5,2.08,0.00,2.08,Low
2a5b78b41cd05baeac8df54c6606b92c,49,19025.36,9.0,2.04,0.00,2.04,Low
6cd68b3ed6d59aaa9fece558ad360c0a,149,11188.57,10.5,2.01,0.00,2.01,Low
b1a81260566c1bac3114a6d124413f27,51,8684.69,8.5,1.96,0.00,1.96,Low
33a6f4b1e7cdc205511e76ba1b6e0186,105,10295.01,8.4,1.90,0.00,1.90,Low
612170e34b97004b3ba37eae81836b4c,107,23065.02,10.9,1.87,0.00,1.87,Low
2dee2ce60de9709b1a24083217181a1f,54,7784.5,14.1,1.85,0.00,1.85,Low
a5cba26a62b8b4d0145b68b841e62e7f,54,14737.84,13.1,1.85,0.00,1.85,Low
289cdb325fb7e7f891c38608bf9e0962,110,13544.95,6.7,1.82,0.00,1.82,Low
1b8356dabde1d35e17cef975c3f82730,56,3426.39,10.5,1.79,0.00,1.79,Low
0ea22c1cfbdc755f86b9b54b39c16043,237,10711.7,11.0,1.69,0.00,1.69,Low
582d4f8675b945722eda7c0cb61ba4c7,59,4702.96,11.1,1.69,0.00,1.69,Low
229c3efbfb0ea2058de4ccdfbc3d784a,121,15744.0,10.7,1.65,0.00,1.65,Low
8ae520247981aa06bc94abddf5f46d34,65,16320.99,10.9,1.54,0.00,1.54,Low
9d5a9018aee56acb367ba9c3f05d1d6a,67,10292.31,15.0,1.49,0.00,1.49,Low
cb8bcce248bb1fb274ba762d8b971456,68,9402.2,12.6,1.47,0.00,1.47,Low
822166ed1e47908f7cfb49946d03c726,69,3714.83,12.7,1.45,0.00,1.45,Low
d921b68bf747894be13a97ae52b0f386,77,15645.8,9.9,1.30,0.00,1.30,Low
d12c926d74ceff0a90a21184466ce161,78,3944.18,8.7,1.28,0.00,1.28,Low
744dac408745240a2c2528fb1b6028f3,79,22490.6,11.0,1.27,0.00,1.27,Low
725c32fa80c2faacc4fc88450d27314e,89,7838.88,9.3,1.12,0.00,1.12,Low
530ec6109d11eaaf87999465c6afee01,97,12983.81,10.8,1.03,0.00,1.03,Low
8c16d1f32a54d92897cc437244442e1b,108,5642.6,10.9,0.93,0.00,0.93,Low
0bae85eb84b9fb3bd773911e89288d54,137,7482.21,10.2,0.73,0.00,0.73,Low
33ac3e28642ab8bda860a2f693000e78,34,3661.03,8.7,0.00,0.00,0.00,Low
9c690ceacd5c66731bf443ea810195cb,10,871.8,7.6,0.00,0.00,0.00,Low
b90e891671cffd9557f33a97dc523645,34,4449.0,7.6,0.00,0.00,0.00,Low
f9244d45189d3a3605499abddeade7d5,21,15731.43,15.2,0.00,0.00,0.00,Low
bbf9ad41dca6603e614efcdad7aab8c4,14,7846.0,13.9,0.00,0.00,0.00,Low
e9511df20ccd82658a30c37b7fb343af,22,2096.6,9.6,0.00,0.00,0.00,Low
33cbbec1e7e1044aaf11d152172c776f,15,730.67,8.5,0.00,0.00,0.00,Low
41c2bad7229b0c25e6becf179ebf63ff,20,782.0,4.5,0.00,0.00,0.00,Low
b1fecf4da1fa2689bccffa0121953643,19,3669.64,10.2,0.00,0.00,0.00,Low
a0415d9b25ede3c4b1e477e9916ffc03,10,4044.1,9.0,0.00,0.00,0.00,Low
bc2ac6b95e1accce9858528ee566c17e,18,2045.0,4.6,0.00,0.00,0.00,Low
9d681c7e12db302cb261e721040dde65,13,785.6,9.2,0.00,0.00,0.00,Low
6df688df543f90e9b38f4319e75a9d88,40,1949.96,7.9,0.00,0.00,0.00,Low
d4e4b5192cba4e0e66eb12a9d347239d,12,441.8,13.2,0.00,0.00,0.00,Low
2f4b0d3b9634b647d4edee577d7ebb7e,10,337.9,6.0,0.00,0.00,0.00,Low
671585f5a2af58b6e276bc01003c0d2b,27,1244.0,5.5,0.00,0.00,0.00,Low
8ff1a9df749e454105c55cda13e79143,13,1400.6,12.6,0.00,0.00,0.00,Low
8ab42aa58097fd4668d60cc648225d5f,20,2616.75,10.4,0.00,0.00,0.00,Low
cfd7ddab722b902f7ac5b5f3ba6d723d,12,3385.03,5.4,0.00,0.00,0.00,Low
d4f117125b59ce73c3302f88ee40c458,17,783.29,7.6,0.00,0.00,0.00,Low
1996942dc085d7773ba77a529b163cd0,10,2943.51,11.7,0.00,0.00,0.00,Low
60562ab00b8054280520d390c8c0045c,17,2943.0,10.0,0.00,0.00,0.00,Low
8603f0038fe0e52fedd3382d266723de,10,2355.0,21.2,0.00,0.00,0.00,Low
d66c11a9572221d92fbb8c4897db5f9b,16,776.56,8.6,0.00,0.00,0.00,Low
0ebd97a106433a45a4aebe57c1799778,31,3046.8,9.4,0.00,0.00,0.00,Low
3ca08eeb8d5595949fed424bd3677742,14,1768.87,10.3,0.00,0.00,0.00,Low
6338ea67c41078a46ad99cc009654956,37,2286.09,13.1,0.00,0.00,0.00,Low
cda598c48d7c614bc1cad7d8ff6f0010,17,1118.6,8.0,0.00,0.00,0.00,Low
f44b6f775a2b390380e0e30b5c9d3eee,10,2930.0,8.6,0.00,0.00,0.00,Low
888faa8bfb0b159c37de6d898b961c31,19,2418.3,8.3,0.00,0.00,0.00,Low
aae3bfea055532c57fb453ed3ec80b30,48,3057.92,12.5,0.00,0.00,0.00,Low
3f8034bfc6b8b4135534975d49f04c63,12,1313.9,10.9,0.00,0.00,0.00,Low
4da0e408c99d2fdc2126dc9fce518060,44,3026.0,9.3,0.00,0.00,0.00,Low
8d46553a36e68f95350a200c12f8f2e2,13,746.6,17.3,0.00,0.00,0.00,Low
4b0fdb526525f9890eb145bf1534640e,18,2419.0,9.1,0.00,0.00,0.00,Low
bb135baca94c82fcb731335ad5b04a03,18,1049.8,9.2,0.00,0.00,0.00,Low
b9a03475e6447e631b6799ec8274800f,10,1349.1,10.8,0.00,0.00,0.00,Low
094ced053e257ae8cae57205592d6712,19,1519.2,12.0,0.00,0.00,0.00,Low
bf00385a5f7fc1ef39a13c2e9ee50a5f,29,870.3,5.7,0.00,0.00,0.00,Low
960945e1a9535cbc0cd6ddd35fbe7ae8,28,3381.73,6.1,0.00,0.00,0.00,Low
ff4e2d38692ce827b1a4f4b8196e680d,11,518.9,9.1,0.00,0.00,0.00,Low
77e4abfd739aed9c46480f90f81c0eb4,18,3736.99,10.1,0.00,0.00,0.00,Low
1430239a858e7682bbc43b20758af153,18,660.79,7.6,0.00,0.00,0.00,Low
4305fe92735c8a43d154ff6dd2b8d927,19,2885.9,11.4,0.00,0.00,0.00,Low
9d5604a1f112324ad6b2aa552122e0fb,13,421.5,12.5,0.00,0.00,0.00,Low
ffa6adafb71b807dc13159e26431354c,18,2669.9,9.7,0.00,0.00,0.00,Low
325f3178fb58e2a9778334621eecdbf9,36,981.7,6.4,0.00,0.00,0.00,Low
6f83d9e4da896daae20b9b6b2d3ff8d2,11,765.19,14.8,0.00,0.00,0.00,Low
2c4c47cb51acd5ea5db5e0ae0e26542a,12,2575.9,10.7,0.00,0.00,0.00,Low
6b9b80d53ba3676eafe60268a810b5a1,10,882.7,12.1,0.00,0.00,0.00,Low
55d3daac7c404d59e51c2aa2f4dc5a23,21,4480.6,8.7,0.00,0.00,0.00,Low
788e857f317e53de488d393e65a80f45,11,1210.0,7.3,0.00,0.00,0.00,Low
40d54b51e962dbe09cabbcfd33298dee,30,6785.56,7.3,0.00,0.00,0.00,Low
da6a60cc8cc724fe51be021ff8be779c,12,728.79,7.7,0.00,0.00,0.00,Low
eed78ac17f7f795a19a709745f00cd4e,22,4349.5,9.9,0.00,0.00,0.00,Low
8ed8ea9a57c862f2c18c2fe41f601d56,19,3831.9,8.6,0.00,0.00,0.00,Low
e256a62e0ac58c0edfba09966142d561,12,1474.11,7.8,0.00,0.00,0.00,Low
5b664594895aefb418afaee6d40a9a23,16,1008.8,10.4,0.00,0.00,0.00,Low
768de2a4fc06aacecb9a586ccc30746a,14,475.6,14.8,0.00,0.00,0.00,Low
8a2d12a90e92f012ce5226fc6592b653,18,1594.65,9.1,0.00,0.00,0.00,Low
2d518637f53161b973e01f56ea4bb88e,13,1219.89,13.5,0.00,0.00,0.00,Low
b2a6d334e2833acea353624840e25a0e,25,1650.98,10.6,0.00,0.00,0.00,Low
c3e1abd72a42fe690fcd89cf5720fe29,13,1798.61,4.2,0.00,0.00,0.00,Low
f1fd5ab1181f827ffad998c1a5de7d74,15,7045.99,9.3,0.00,0.00,0.00,Low
3481aa57cd91f9f9d3fa1fa12d9a3bf7,25,1773.03,10.2,0.00,0.00,0.00,Low
fb3cfbc8a86f5d7fbb4d36b8df63f60d,10,1007.3,7.5,0.00,0.00,0.00,Low
1e483cc5c76fef08d3ca05f9a8af7d01,10,171.99,8.4,0.00,0.00,0.00,Low
42fa4ee7240e9b8eb4576358ec142ba7,22,3845.7,6.7,0.00,0.00,0.00,Low
ad273c9eb54ecb4532de4bf75bae9e4e,10,645.0,12.3,0.00,0.00,0.00,Low
c2d70ce2c5d0a2eb75e78668236e6dc8,13,2470.9,8.3,0.00,0.00,0.00,Low
257e61d3251fb5efb9daadddbc2cf7ca,12,7729.0,8.1,0.00,0.00,0.00,Low
141440cad9341e553f8401c574a2aa38,11,1288.2,6.7,0.00,0.00,0.00,Low
08d0949a9a17c027262db1f3c450c26c,12,324.8,14.3,0.00,0.00,0.00,Low
aac51c486b672a9850d59f3e84b1cf88,10,728.28,4.6,0.00,0.00,0.00,Low
431050a06a317f2b38168dec3dcd2b46,12,1487.8,8.7,0.00,0.00,0.00,Low
4978a02ea9c8be7a9b5480680f40334e,18,2356.61,5.1,0.00,0.00,0.00,Low
b1ac6ea7895bc3dd6f0f6f4abbdd2821,40,3139.0,10.1,0.00,0.00,0.00,Low
2b3e4a2a3ea8e01938cabda2a3e5cc79,52,23629.15,8.7,0.00,0.00,0.00,Low
e21a1e8be4715b0fcfd5385643bc49c4,21,703.6,16.6,0.00,0.00,0.00,Low
334cab711dee080b079fa5779b584783,11,1069.7,8.0,0.00,0.00,0.00,Low
41da412d33e8da4f22baf55cb1bde82c,15,862.9,10.1,0.00,0.00,0.00,Low
d1c7fa84e48cfa21a0e595167c1c500e,12,1156.03,11.8,0.00,0.00,0.00,Low
659e8466eb3ff1b0e8740d74fb7bbedd,11,1486.8,9.1,0.00,0.00,0.00,Low
89a51f50b8095ea78d5768f34c13a76f,10,677.16,7.3,0.00,0.00,0.00,Low
cc63f0dd2acba93ffed4fe9f8e0321fa,55,7096.71,8.9,0.00,0.00,0.00,Low
6a38087bc8ad4f89ff453561005f6dea,15,1833.43,10.1,0.00,0.00,0.00,Low
41ab63a91b8b264e8c8780368bf1dd5b,12,2571.95,16.4,0.00,0.00,0.00,Low
52562a9f449c3dc3d53f5f5b9ed74903,14,3266.6,13.4,0.00,0.00,0.00,Low
596849622429351f47b32e6cae1055ff,14,1104.7,5.4,0.00,0.00,0.00,Low
bba74270a87732727b5a3b4fd9ac1c39,36,6001.59,9.6,0.00,0.00,0.00,Low
79ed755314cfe6df0daef2c6cd3022cd,23,3907.5,9.2,0.00,0.00,0.00,Low
3bb548e3cb7f70f28e3f11ee9dce0e59,46,7690.02,10.8,0.00,0.00,0.00,Low
52f9db5cfb423382a2fa5c9e39303202,22,1269.77,10.0,0.00,0.00,0.00,Low
c510bc1718f0f2961eaa42a23330681a,13,12251.0,6.8,0.00,0.00,0.00,Low
d8c7ba53e7e38711eaef8c2849d6d2e1,22,1190.87,8.1,0.00,0.00,0.00,Low
2059c39f76271d4ca3f15b5ffaccc8b8,12,604.9,9.7,0.00,0.00,0.00,Low
3969863bb8af7f72580b3b1ffd3a17b3,12,623.15,10.1,0.00,0.00,0.00,Low
6bbcb8924baf70b7fe2fe2097e8cd407,10,2382.5,12.0,0.00,0.00,0.00,Low
f0e103c63864d5405b958d984b6e94c9,11,951.7,8.6,0.00,0.00,0.00,Low
845e8036c3f7bf62099352f5ed910240,21,1584.6,7.6,0.00,0.00,0.00,Low
525e75a6fb1454a2325ab1734bcec221,10,657.07,6.2,0.00,0.00,0.00,Low
4736e9d642ef4257cd7622516931eb51,16,1078.87,4.7,0.00,0.00,0.00,Low
c5f7e746b7e6d07def6c0dae9903279b,10,1429.0,5.5,0.00,0.00,0.00,Low
e48b04bf1aa1ef711caebeb7aede6180,25,3187.1,10.5,0.00,0.00,0.00,Low
1b1ae47a313a825a7ccceb8e2e30fa9d,11,2243.9,10.7,0.00,0.00,0.00,Low
47efca563408aae19bb7206c2d969ea9,12,2522.0,13.7,0.00,0.00,0.00,Low
14a08204d03bb6b6bde8029f801ae0eb,28,2185.4,8.8,0.00,0.00,0.00,Low
7e26c750b4cb9f6766f58265ff9ebe95,23,1344.3,9.2,0.00,0.00,0.00,Low
f3b80352b986ab4d1057a4b724be19d0,87,10505.1,10.4,0.00,0.00,0.00,Low
3d621842b2ed28e2b474132480edac3c,10,928.91,9.9,0.00,0.00,0.00,Low
49e7217cfe4e427191c378ec626d8737,13,3002.7,16.0,0.00,0.00,0.00,Low
e2c92f9c1c7746d899d18f2e158bbff7,14,1894.7,9.1,0.00,0.00,0.00,Low
05a940b4ecae36cadfd8e93bd9c43257,10,952.0,14.2,0.00,0.00,0.00,Low
b080809eaacb49e5ca07290981472431,11,424.0,10.5,0.00,0.00,0.00,Low
638cba8be1fb599bbb76fd6948351eb3,17,598.2,8.0,0.00,0.00,0.00,Low
3785b653b1b82de85ab47dd139938091,21,1552.0,11.9,0.00,0.00,0.00,Low
b372ee768ed69e46ca8cdbd267aa7a38,63,12630.0,12.4,0.00,0.00,0.00,Low
5bc24d989e71e93c33e50a7782431b0e,17,3148.0,9.1,0.00,0.00,0.00,Low
88cf19ec1fc2c58f161aee259d57142c,14,1372.97,6.4,0.00,0.00,0.00,Low
fa1a9dec3a9940c072684a46728bf1fc,55,6674.0,14.3,0.00,0.00,0.00,Low
63a79f5a7eb5cb48a7e5787b141c7993,11,815.1,6.4,0.00,0.00,0.00,Low
acb6c2ca5c82411c1fdb88d5fd5eb95e,10,413.88,10.2,0.00,0.00,0.00,Low
b347677812ea483b0f528eaf8cbc09b7,21,7288.99,13.1,0.00,0.00,0.00,Low
968268a686aa05d1f529fb07dff08130,12,4677.29,9.3,0.00,0.00,0.00,Low
30a81d8cf85fb2ada1b1b094c9583a95,17,1245.42,4.2,0.00,0.00,0.00,Low
3504c0cb71d7fa48d967e0e4c94d59d9,53,2349.94,7.2,0.00,0.00,0.00,Low
6c12e40690c335dbc2f68a4134d30dc1,16,9139.2,13.3,0.00,0.00,0.00,Low
c731d18cea9bf687ffee82a241c25b11,24,3662.0,7.9,0.00,0.00,0.00,Low
26785a546900236d66f2e4197c211158,15,1019.2,5.7,0.00,0.00,0.00,Low
93b9a99027bd8bd6af682aff18dd19bf,20,1953.0,11.4,0.00,0.00,0.00,Low
01bcc9d254a0143f0ce9791b960b2a47,11,1521.21,12.7,0.00,0.00,0.00,Low
25e47381a6c510ddeb36084e33b89f0c,16,1289.6,10.1,0.00,0.00,0.00,Low
bf100ecb7997df312b285358fb32f92c,20,1991.9,9.7,0.00,0.00,0.00,Low
3092c0b297aacfb4bb6e056ebe13b9b8,19,1623.9,13.2,0.00,0.00,0.00,Low
b1aaae6b66ad3c40f54b389d7ea4bee0,15,1176.5,8.1,0.00,0.00,0.00,Low
d1b9d4be4b6f9ebd85f8acd6745ba612,11,1154.35,10.7,0.00,0.00,0.00,Low
ffdd9f82b9a447f6f8d4b91554cc7dd3,18,2101.2,10.4,0.00,0.00,0.00,Low
916748bc99315c2d202898ae58b1617e,25,369.4,10.5,0.00,0.00,0.00,Low
ba5daa4041e1f15cdf34b76e3e18a450,15,806.8,5.6,0.00,0.00,0.00,Low
512d298ac2a96d1931b6bd30aa21f61d,11,7401.94,10.5,0.00,0.00,0.00,Low
cac63f48c38cd7d002a7e846dcd99a23,10,874.0,7.3,0.00,0.00,0.00,Low
59417c56835dd8e2e72f91f809cd4092,18,36459.0,12.7,0.00,0.00,0.00,Low
07bf9669d84d1f11be443a9dd938f698,18,1776.0,8.2,0.00,0.00,0.00,Low
403aa86912527d730337ffcb0fb096ab,11,8959.89,10.8,0.00,0.00,0.00,Low
9616352088dcf83a7c06637f4ebf1c80,92,5703.0,12.3,0.00,0.00,0.00,Low
6d22a1fcebb6dd08c9cd90b92a93e8d0,12,723.7,15.3,0.00,0.00,0.00,Low
42ef3192a9ff87a22d1867b74b3ee205,23,1354.09,9.2,0.00,0.00,0.00,Low
83645b1645cdee8953ee54c29ceed564,14,978.9,10.2,0.00,0.00,0.00,Low
fc906263ca5083d09dce42fe02247800,114,4497.7,9.4,0.00,0.00,0.00,Low
5b85809efd0d0e4dea1a9544e1280ed9,12,1804.6,7.9,0.00,0.00,0.00,Low
f67efa3f0b6761102a7f8c6b7b571f5d,31,5188.68,10.1,0.00,0.00,0.00,Low
7ff588a03c2aeae4fbd23f9ae64b760d,14,1182.2,4.6,0.00,0.00,0.00,Low
f9903dd0f812c7e771fcad47b6fff231,10,1684.85,13.9,0.00,0.00,0.00,Low
f41ce2e25237f9092cd8e6e7516c7a2f,27,2030.9,8.7,0.00,0.00,0.00,Low
65b081a070633e057c462abdd6fb9dd8,19,1885.09,11.9,0.00,0.00,0.00,Low
3d2531eccfbde1d7c8db7a3a12fb267a,10,1999.54,9.9,0.00,0.00,0.00,Low
acce39e832338debb07b02385cde5967,44,4748.1,7.0,0.00,0.00,0.00,Low
e1dc0754bada9ee4cfe9713f22f61292,12,885.0,8.2,0.00,0.00,0.00,Low
ade45994b717ccee333492330fbf037b,10,7196.0,8.3,0.00,0.00,0.00,Low
ffad1e7127fb622cb64a900751590acd,10,884.3,7.6,0.00,0.00,0.00,Low
c72de06d72748d1a0dfb2125be43ba63,21,17522.0,9.7,0.00,0.00,0.00,Low
014d9a685fd57276679edd00e07089e5,11,729.88,9.1,0.00,0.00,0.00,Low
a23266650e7c84bb93fbbba502137478,11,1512.4,11.3,0.00,0.00,0.00,Low
51e4e89242cbb846c2deff3dc015650e,16,822.58,9.1,0.00,0.00,0.00,Low
59cea8e446d3834393058e7e0666b6fb,10,696.6,7.2,0.00,0.00,0.00,Low
bd4889b5e9133b35b66e42a8665cea5c,36,6271.9,10.2,0.00,0.00,0.00,Low
5debea795b07621e1f90532e18f96145,25,1883.78,10.1,0.00,0.00,0.00,Low
9baf5cb77970f539089d09a38bcec5c3,32,6129.67,15.1,0.00,0.00,0.00,Low
e882b2a25a10b9c057cc49695f222c19,57,51057.54,9.5,0.00,0.00,0.00,Low
c26a2be5b53b7db6b276280da212a779,13,7482.0,14.0,0.00,0.00,0.00,Low
77fccaae319668a8ab6cd0fd16aec48c,11,1667.0,9.4,0.00,0.00,0.00,Low
f435898e493ba0356019a0b1cb8b55b1,10,649.76,10.7,0.00,0.00,0.00,Low
013900e863eace745d3ec7614cab5b1a,23,1619.7,12.0,0.00,0.00,0.00,Low
72bc2cce903c872fe376a8faaa81d237,17,2149.2,8.9,0.00,0.00,0.00,Low
3c010235b7345c92f125d14ee232a76b,15,3578.0,10.9,0.00,0.00,0.00,Low
94e93ce877be27a515118dbfd2c2be41,30,5674.57,13.7,0.00,0.00,0.00,Low
7ade73f1b9b4e965f9009a4c3a7e2c15,27,1880.3,9.6,0.00,0.00,0.00,Low
02ecc2a19303f05e59ce133fd923fff7,21,5264.19,11.0,0.00,0.00,0.00,Low
2f74af7a0ee5636f12c2336f9fffed47,13,560.7,9.7,0.00,0.00,0.00,Low
de0c78824586e9a5f5f04fd84e25df39,14,2489.3,6.4,0.00,0.00,0.00,Low
48efc9d94a9834137efd9ea76b065a38,33,345.6,10.7,0.00,0.00,0.00,Low
08084d990eb3f53af056ccbc1730c8a7,12,372.5,8.3,0.00,0.00,0.00,Low
abc015ebac1d283a323ca9db35ede4b9,12,1106.8,10.8,0.00,0.00,0.00,Low
5bffbafbb22daf6d3bfc216a46db8708,21,5239.7,8.8,0.00,0.00,0.00,Low
a2fa0bdc798ee84cdb08281337cf4fb6,10,392.75,18.1,0.00,0.00,0.00,Low
d4ffeb15b67e81ff9af2b4252d99fb7e,11,1400.4,9.3,0.00,0.00,0.00,Low
02c988090b766852e088c69d7fb3b551,13,1618.65,9.4,0.00,0.00,0.00,Low
2d42ebcda99fd55f6f4bc2f1ca035d50,10,921.5,9.5,0.00,0.00,0.00,Low
5c853bb56f70f4d14218944bae111d7a,23,263.13,8.7,0.00,0.00,0.00,Low
0eaa7e33d73809f1f925f7d07c506cbd,15,1552.0,5.9,0.00,0.00,0.00,Low
5ef131ac72773e5b3f6c0d63cf424657,10,575.79,5.9,0.00,0.00,0.00,Low
cf2384dd2f1dddea3f838efed0945e65,16,2101.5,14.2,0.00,0.00,0.00,Low
57e632711dec9ec14ca7546769483e7e,62,6350.06,10.8,0.00,0.00,0.00,Low
5cbbd5a299cab112b7bf23862255e43e,36,2726.06,10.7,0.00,0.00,0.00,Low
5f7300535881cef3b625fd683cf7d145,10,665.98,8.9,0.00,0.00,0.00,Low
d6ab728cf30867cf3f1a2e216ae2f9b7,12,2002.0,10.7,0.00,0.00,0.00,Low
34d1ca11b242c0fee2c834ae8d788566,40,13422.24,13.2,0.00,0.00,0.00,Low
8a87611c08849ffeeccab52aa798b6c7,13,2369.8,9.0,0.00,0.00,0.00,Low
bd697db56ff8e7c9cd1abeb7f72029b2,22,3069.78,10.8,0.00,0.00,0.00,Low
670a9dda115b5a88b18cfadee8de2332,11,918.9,12.2,0.00,0.00,0.00,Low
1c5e4e49b9079480255b49d50aac1aa9,12,10173.11,8.7,0.00,0.00,0.00,Low
cb9fb4ca75d7ba8437480e8dde64fe98,10,532.14,9.2,0.00,0.00,0.00,Low
26af45f5dfd967225a832838aa4e24a3,10,573.1,9.7,0.00,0.00,0.00,Low
06bb3a2fe5e7b7a845b13e8fb91bd944,17,1536.19,8.8,0.00,0.00,0.00,Low
81f89e42267213cb94da7ddc301651da,46,3955.0,7.4,0.00,0.00,0.00,Low
df91910b6a03bb2e3358fa6a35e32f6f,14,2312.1,9.1,0.00,0.00,0.00,Low
e601b04acf48b4576e73ddca9481f0dc,15,491.94,6.7,0.00,0.00,0.00,Low
54583ab379489add547fe47b628db589,10,2240.0,5.0,0.00,0.00,0.00,Low
9803a40e82e45418ab7fb84091af5231,11,4278.75,15.5,0.00,0.00,0.00,Low
db46ca7bce82b11f7e247539271fc390,16,933.97,8.1,0.00,0.00,0.00,Low
62c50c1af4dfdc4149d25c5222043d39,14,2785.72,12.2,0.00,0.00,0.00,Low
2addf05f476d0637864454e93ba673d5,12,4552.0,10.4,0.00,0.00,0.00,Low
1dcfa3835714681d4ba4a93bc1e0fd41,13,1278.5,15.0,0.00,0.00,0.00,Low
817f85dbb65aa3e70831d90fe75cdf89,11,1552.27,18.1,0.00,0.00,0.00,Low
3c3017960b2dbd72711a61f0400aab8f,10,968.8,12.8,0.00,0.00,0.00,Low
226b05fe067266c59c15dae208213d06,10,1056.9,10.2,0.00,0.00,0.00,Low
82cb9f452fe8334df74b22d37824b431,14,838.2,8.4,0.00,0.00,0.00,Low
41b86b552e54e3a7009596125aa8b167,10,1595.3,13.9,0.00,0.00,0.00,Low
cbf09e831b0c11f6f23ffb51004db972,10,1535.2,5.2,0.00,0.00,0.00,Low
0ff83046c3fa22efee8ecf291888b191,10,768.9,12.6,0.00,0.00,0.00,Low
51702dc2a3e106c76dbff722b5bf0726,13,2705.1,14.8,0.00,0.00,0.00,Low
df0f42bc4c2142eacf0eaf2cffd0cfbb,14,1654.0,14.1,0.00,0.00,0.00,Low
c6381d2d013342748761e906d45aff76,15,2042.98,15.8,0.00,0.00,0.00,Low
5f26c1408a65b42a7224cd463bdf3292,10,1139.8,6.4,0.00,0.00,0.00,Low
679769a98cfcc6da877c8486ff1c13f3,21,7029.0,9.5,0.00,0.00,0.00,Low
5b51032eddd242adc84c38acab88f23d,12,3280.0,11.7,0.00,0.00,0.00,Low
48fb026ed7455a42f5d3e9390ed5088e,11,555.71,11.8,0.00,0.00,0.00,Low
7a2d2949aea47fab95fd98d6c9f618b1,11,1638.99,10.5,0.00,0.00,0.00,Low
26d6bbee02420494d471c9f6436929c0,12,434.51,8.3,0.00,0.00,0.00,Low
21e83881401b92b49fb09a16d3852291,14,3588.05,10.9,0.00,0.00,0.00,Low
a369d693961cb93b61ca2cc518872a85,11,2597.0,11.1,0.00,0.00,0.00,Low
e9c6969d40e6a3d2d0f90013165c2b98,10,5239.98,9.0,0.00,0.00,0.00,Low
